lemma,pos,zipf,dp,pedantry_proxy,family_size,comodin_leverage,suggested_themes,score,flags,metrics_pending
almacenar,verbo,4.527,0.091,0.410,55,0.986,,0.9708,semantic-set:almac,false
desacuerdo,sustantivo,4.051,0.072,0.580,89,0.911,negociacion,0.9678,semantic-set:desac,false
afortunadamente,adverbio,4.166,0.104,0.516,5,0.991,,0.9678,semantic-set:afort,false
aceptable,adjetivo,4.117,0.112,0.478,61,0.998,negociacion,0.9662,semantic-set:acept,false
desventaja,sustantivo,4.183,0.076,0.545,52,0.900,,0.9653,semantic-set:desve,false
aspirar,verbo,4.614,0.109,0.475,34,0.972,,0.9639,semantic-set:aspir|paronym-of:estirar,false
adopción,sustantivo,4.462,0.118,0.509,6,0.994,decir-que-no,0.9639,semantic-set:adopc|paronym-of:adición|paronym-of:adicción,false
anualmente,adverbio,4.413,0.116,0.481,17,0.977,,0.9625,semantic-set:anual|paronym-of:igualmente,false
alinear,verbo,4.027,0.127,0.537,28,0.986,liderazgo-feedback,0.9604,semantic-set:aline|paronym-of:afinar,false
arrojar,verbo,4.502,0.124,0.586,29,0.973,,0.9595,semantic-set:arroj|paronym-of:alojar|paronym-of:arrobar,false
aconsejar,verbo,4.619,0.136,0.255,38,0.997,,0.9589,semantic-set:acons,false
confirmación,sustantivo,4.328,0.114,0.399,247,0.941,correos-mensajes,0.9589,semantic-set:confi|paronym-of:conformación,false
despertar,verbo,4.591,0.099,0.494,206,0.902,,0.9585,semantic-set:despe|paronym-of:despejar|paronym-of:respetar|paronym-of:respectar,false
avalar,verbo,4.339,0.133,0.417,18,0.968,conversacion-cotidiana,0.9561,semantic-set:avala|paronym-of:malar|paronym-of:balar|paronym-of:valor,false
medir,verbo,4.598,0.077,0.446,16,0.808,,0.9540,semantic-set:medir,false
grabación,sustantivo,4.530,0.095,0.573,36,0.850,reuniones,0.9536,semantic-set:graba|paronym-of:graduación,false
curiosidad,sustantivo,4.359,0.125,0.454,19,0.923,,0.9532,semantic-set:curio,false
afianzar,verbo,4.070,0.154,0.544,22,0.993,,0.9529,semantic-set:afian|paronym-of:avanzar|paronym-of:alcanzar,false
flexibilidad,sustantivo,4.361,0.105,0.337,44,0.855,negociacion,0.9513,semantic-set:flexi|paronym-of:elegibilidad,false
canalizar,verbo,4.022,0.147,0.500,83,0.958,conversacion-cotidiana,0.9509,semantic-set:canal|paronym-of:analizar|paronym-of:canonizar,false
confiabilidad,sustantivo,4.031,0.141,0.336,247,0.943,,0.9509,semantic-set:confi|paronym-of:contabilidad,false
conjugar,verbo,3.979,0.142,0.357,62,0.939,,0.9503,semantic-set:conju,false
defender,verbo,4.864,0.134,0.587,77,0.920,,0.9502,semantic-set:defen,false
albañil,sustantivo,3.669,0.169,0.508,4,0.987,,0.9479,semantic-set:albañ,false
convivir,verbo,4.388,0.147,0.446,122,0.931,,0.9476,semantic-set:convi,false
diversión,sustantivo,4.522,0.131,0.431,112,0.891,,0.9476,semantic-set:diver|paronym-of:aversión|paronym-of:inversión,false
agilizar,verbo,4.168,0.173,0.502,20,0.989,,0.9469,semantic-set:agili|paronym-of:analizar|paronym-of:agilidad,false
atravesar,verbo,4.385,0.167,0.565,34,0.971,,0.9463,semantic-set:atrav,false
defensiva,sustantivo,4.036,0.147,0.667,77,0.919,,0.9461,semantic-set:defen|paronym-of:defensivo,false
autenticidad,sustantivo,3.945,0.171,0.498,27,0.971,,0.9451,semantic-set:auten,false
entablar,verbo,3.955,0.135,0.531,18,0.878,,0.9448,semantic-set:entab,false
alzheimer,sustantivo,3.982,0.179,0.587,7,0.984,,0.9444,semantic-set:alzhe,false
credibilidad,sustantivo,4.228,0.156,0.509,105,0.927,conversaciones-dificiles,0.9444,semantic-set:credi,false
encerrar,verbo,4.056,0.138,0.577,30,0.879,,0.9441,semantic-set:encer,false
envergadura,sustantivo,3.873,0.138,0.481,7,0.875,,0.9437,semantic-set:enver,false
eficazmente,adverbio,3.782,0.143,0.388,6,0.885,,0.9434,semantic-set:efica,false
dieta,sustantivo,4.007,0.148,0.414,9,0.897,,0.9431,semantic-set:dieta|paronym-of:meta|paronym-of:lista|paronym-of:dicha,false
realista,adjetivo,4.233,0.096,0.535,187,0.764,liderazgo-feedback,0.9428,semantic-set:reali,false
ahogar,verbo,4.023,0.187,0.569,20,0.988,,0.9424,semantic-set:ahoga|paronym-of:rogar|paronym-of:alojar|paronym-of:anotar,false
desplegar,verbo,4.260,0.155,0.612,81,0.901,,0.9417,semantic-set:despl|paronym-of:despejar,false
demostrar,verbo,5.196,0.076,0.513,54,0.702,elogio-reconocimiento,0.9415,semantic-set:demos,false
emblemático,adjetivo,4.166,0.148,0.550,6,0.883,,0.9415,semantic-set:emble,false
honestidad,sustantivo,4.314,0.133,0.423,15,0.845,,0.9415,semantic-set:hones,false
definir,verbo,5.176,0.074,0.471,87,0.694,,0.9411,semantic-set:defin,false
suficiente,adjetivo,5.153,0.053,0.500,9,0.641,,0.9411,semantic-set:sufic|paronym-of:eficiente,false
defraudar,verbo,3.797,0.164,0.489,27,0.918,,0.9411,semantic-set:defra,false
fraternidad,sustantivo,3.937,0.137,0.347,15,0.852,decir-que-no,0.9410,semantic-set:frate,false
confrontar,verbo,3.944,0.174,0.593,34,0.940,,0.9407,semantic-set:confr,false
empeorar,verbo,4.105,0.150,0.553,13,0.881,,0.9407,semantic-set:empeo|paronym-of:empeñar|paronym-of:explorar|paronym-of:empedrar,false
lealtad,sustantivo,4.248,0.126,0.533,4,0.818,decir-que-no,0.9405,semantic-set:lealt,false
contrarrestar,verbo,4.043,0.173,0.529,795,0.933,conversacion-cotidiana,0.9401,semantic-set:contr,false
desesperar,verbo,4.169,0.164,0.570,103,0.908,,0.9396,semantic-set:deses|paronym-of:desempeñar,false
perturbar,verbo,3.728,0.116,0.489,23,0.784,,0.9393,semantic-set:pertu,false
perfilar,verbo,3.951,0.117,0.513,38,0.785,,0.9392,semantic-set:perfi|paronym-of:desfilar,false
rapidez,sustantivo,4.351,0.109,0.396,38,0.766,,0.9392,semantic-set:rapid|paronym-of:calidez|paronym-of:validez,false
antelación,sustantivo,3.982,0.195,0.303,16,0.979,,0.9391,semantic-set:antel,false
reconstrucción,sustantivo,4.382,0.108,0.534,297,0.759,,0.9386,semantic-set:recon,false
acontecer,verbo,4.233,0.203,0.522,19,0.996,correos-mensajes,0.9386,semantic-set:acont|paronym-of:contener,false
conformación,sustantivo,4.274,0.181,0.478,74,0.941,reuniones,0.9385,semantic-set:confo|paronym-of:confirmación,false
detectar,verbo,4.878,0.081,0.502,50,0.691,,0.9385,semantic-set:detec|paronym-of:desechar,false
consciente,adjetivo,4.778,0.073,0.477,18,0.670,,0.9385,semantic-set:consc,false
inducir,verbo,4.077,0.139,0.470,38,0.831,conversaciones-dificiles,0.9380,semantic-set:induc|paronym-of:aducir|paronym-of:reducir|paronym-of:insumir,false
amabilidad,sustantivo,3.828,0.200,0.404,6,0.983,,0.9379,semantic-set:amabi|paronym-of:habilidad|paronym-of:fiabilidad,false
afiliación,sustantivo,4.117,0.205,0.457,40,0.992,liderazgo-feedback,0.9377,semantic-set:afili|paronym-of:ampliación,false
identificar,verbo,5.272,0.078,0.515,100,0.674,,0.9376,semantic-set:ident,false
seriedad,sustantivo,4.146,0.103,0.332,20,0.735,decir-que-no,0.9373,semantic-set:serie,false
transmitir,verbo,4.861,0.055,0.486,981,0.614,correos-mensajes,0.9372,semantic-set:trans,false
anonimato,sustantivo,3.884,0.202,0.455,11,0.981,negociacion,0.9372,semantic-set:anoni,false
inquietud,sustantivo,4.184,0.141,0.435,50,0.828,decir-que-no,0.9372,semantic-set:inqui,false
prosperar,verbo,4.301,0.118,0.538,42,0.772,,0.9371,semantic-set:prosp,false
comparativa,sustantivo,3.770,0.189,0.397,372,0.946,,0.9369,semantic-set:compa,false
incomodar,verbo,4.129,0.144,0.534,61,0.834,,0.9368,semantic-set:incom,false
diferenciar,verbo,5.248,0.074,0.508,88,0.658,reuniones,0.9368,semantic-set:difer|paronym-of:referenciar,false
insuficiente,adjetivo,4.278,0.141,0.503,13,0.825,,0.9366,semantic-set:insuf,false
competir,verbo,4.586,0.089,0.575,158,0.693,reuniones,0.9366,semantic-set:compe|paronym-of:compartir,false
rotar,verbo,4.285,0.108,0.522,17,0.740,,0.9364,semantic-set:rotar|paronym-of:rogar|paronym-of:remar|paronym-of:votar,false
apreciación,sustantivo,4.216,0.202,0.452,31,0.976,,0.9364,semantic-set:aprec,false
motivación,sustantivo,4.629,0.134,0.471,54,0.800,,0.9358,semantic-set:motiv|paronym-of:mitigación|paronym-of:cotización,false
ocupar,verbo,5.246,0.072,0.541,67,0.644,entrevistas,0.9356,semantic-set:ocupa,false
reafirmar,verbo,4.423,0.120,0.522,24,0.764,decir-que-no,0.9356,semantic-set:reafi,false
empeñar,verbo,4.405,0.168,0.440,22,0.880,elogio-reconocimiento,0.9353,semantic-set:empeñ|paronym-of:empatar|paronym-of:empeorar|paronym-of:empedrar,false
subrayar,verbo,4.831,0.107,0.646,22,0.728,,0.9352,semantic-set:subra|paronym-of:subsanar,false
esquina,sustantivo,3.875,0.164,0.521,110,0.870,,0.9351,semantic-set:esqui,false
exigir,verbo,5.101,0.065,0.471,38,0.621,,0.9350,semantic-set:exigi|paronym-of:eximir|paronym-of:emitir|paronym-of:existir,false
preocupación,sustantivo,4.929,0.068,0.546,46,0.626,,0.9349,semantic-set:preoc,false
adición,sustantivo,4.115,0.216,0.557,73,0.994,negociacion,0.9346,semantic-set:adici|paronym-of:adopción|paronym-of:medición|paronym-of:adicción,false
despejar,verbo,3.638,0.180,0.612,206,0.904,,0.9345,semantic-set:despe|paronym-of:respetar|paronym-of:despertar|paronym-of:desplegar,false
frescura,sustantivo,3.905,0.159,0.398,15,0.852,,0.9344,semantic-set:fresc,false
secreto,adjetivo,4.323,0.114,0.461,81,0.737,,0.9343,semantic-set:secre|paronym-of:decreto,false
enorgullecer,verbo,3.750,0.171,0.426,14,0.878,,0.9343,semantic-set:enorg,false
fidelidad,sustantivo,4.249,0.163,0.417,27,0.857,reuniones,0.9340,semantic-set:fidel|paronym-of:finalidad,false
esmerar,verbo,3.982,0.169,0.358,41,0.871,,0.9339,semantic-set:esmer|paronym-of:esfera|paronym-of:estirar,false
adquirir,verbo,4.944,0.063,0.469,74,0.605,decir-que-no,0.9338,semantic-set:adqui,false
asistir,verbo,5.097,0.063,0.475,88,0.604,reuniones,0.9336,semantic-set:asist|paronym-of:existir,false
creación,sustantivo,5.299,0.091,0.474,14,0.673,entrevistas,0.9336,semantic-set:creac,false
diálogo,sustantivo,4.152,0.178,0.542,27,0.891,reuniones,0.9335,semantic-set:dialo,false
evadir,verbo,3.882,0.167,0.541,17,0.863,,0.9335,semantic-set:evadi,false
eliminación,sustantivo,4.614,0.096,0.531,57,0.684,,0.9334,semantic-set:elimi,false
reflejar,verbo,5.092,0.077,0.521,91,0.636,,0.9334,semantic-set:refle,false
estancamiento,sustantivo,3.728,0.171,0.505,97,0.868,conversacion-cotidiana,0.9329,semantic-set:estan,false
prevención,sustantivo,5.059,0.086,0.456,98,0.655,,0.9328,semantic-set:preve|paronym-of:redención|paronym-of:presunción,false
notablemente,adverbio,3.992,0.143,0.523,11,0.798,,0.9328,semantic-set:notab,false
mitigar,verbo,4.014,0.146,0.544,18,0.804,elogio-reconocimiento,0.9327,semantic-set:mitig|paronym-of:sitiar,false
diamante,sustantivo,4.070,0.184,0.584,18,0.898,,0.9326,semantic-set:diama,false
satisfacer,verbo,4.712,0.103,0.343,48,0.695,,0.9324,semantic-set:satis,false
accionar,verbo,4.402,0.226,0.474,73,0.999,,0.9322,semantic-set:accio,false
representar,verbo,5.458,0.059,0.520,124,0.682,,0.9322,semantic-set:repre,false
aprovechar,verbo,5.205,0.060,0.508,66,0.585,,0.9321,semantic-set:aprov,false
esclarecer,verbo,4.017,0.177,0.601,46,0.873,conversacion-cotidiana,0.9318,semantic-set:escla,false
insostenible,adjetivo,3.730,0.159,0.590,7,0.827,,0.9317,semantic-set:insos,false
alojar,verbo,4.293,0.222,0.424,31,0.985,paronimos,0.9315,semantic-set:aloja|paronym-of:ahogar|paronym-of:anotar|paronym-of:asomar,false
aversión,sustantivo,3.151,0.215,0.552,5,0.967,,0.9315,semantic-set:avers|paronym-of:diversión|paronym-of:inversión,false
desinformación,sustantivo,3.553,0.191,0.598,143,0.906,,0.9315,semantic-set:desin,false
profesionalismo,sustantivo,4.043,0.138,0.446,235,0.774,decir-que-no,0.9314,semantic-set:profe,false
restaurar,verbo,4.316,0.127,0.521,135,0.745,conversaciones-dificiles,0.9314,semantic-set:resta,false
justificar,verbo,4.789,0.093,0.510,110,0.660,,0.9314,semantic-set:justi,false
lista,sustantivo,4.565,0.098,0.539,42,0.672,decir-que-no,0.9313,semantic-set:lista|paronym-of:dieta|paronym-of:listo,false
acabar,verbo,5.237,0.094,0.523,39,0.659,decir-que-no,0.9309,semantic-set:acaba|paronym-of:avalar|paronym-of:aclarar|paronym-of:recabar,false
alcance,sustantivo,4.982,0.083,0.490,79,0.630,,0.9308,semantic-set:alcan,false
introducción,sustantivo,4.601,0.159,0.457,99,0.822,,0.9308,semantic-set:intro,false
recolectar,verbo,4.246,0.134,0.522,38,0.759,,0.9308,semantic-set:recol,false
realización,sustantivo,4.977,0.136,0.400,187,0.763,,0.9308,semantic-set:reali|paronym-of:señalización,false
discutir,verbo,4.787,0.109,0.499,90,0.696,redaccion-ejecutiva,0.9307,semantic-set:discu,false
enfrentar,verbo,5.256,0.102,0.589,46,0.679,,0.9307,semantic-set:enfre,false
devolución,sustantivo,4.414,0.193,0.409,64,0.900,elogio-reconocimiento,0.9302,semantic-set:devol,false
recopilar,verbo,4.318,0.136,0.473,23,0.757,persuasion-storytelling,0.9301,semantic-set:recop,false
reducción,sustantivo,4.967,0.111,0.522,57,0.694,negociacion,0.9301,semantic-set:reduc|paronym-of:redención,false
satisfacción,sustantivo,4.798,0.104,0.340,48,0.676,,0.9300,semantic-set:satis,false
sufrir,verbo,5.190,0.091,0.522,37,0.643,,0.9299,semantic-set:sufri|paronym-of:surgir,false
profundizar,verbo,4.521,0.143,0.450,61,0.773,persuasion-storytelling,0.9299,semantic-set:profu,false
situar,verbo,4.978,0.089,0.483,48,0.637,,0.9298,semantic-set:situa|paronym-of:sitiar|paronym-of:suturar,false
derrumbar,verbo,4.102,0.199,0.558,25,0.911,,0.9298,semantic-set:derru,false
comprobación,sustantivo,3.900,0.212,0.431,360,0.944,,0.9297,semantic-set:compr,false
imperativo,adjetivo,3.897,0.170,0.448,95,0.840,decir-que-no,0.9297,semantic-set:imper,false
escala,sustantivo,3.904,0.184,0.481,97,0.874,entrevistas,0.9296,semantic-set:escal|paronym-of:estafa|paronym-of:escaso|paronym-of:escolta,false
recuperar,verbo,5.075,0.089,0.559,48,0.631,conversaciones-dificiles,0.9291,semantic-set:recup,false
sacar,verbo,5.283,0.117,0.533,23,0.701,redaccion-ejecutiva,0.9290,semantic-set:sacar|paronym-of:sala|paronym-of:malar|paronym-of:sumar,false
limpio,adjetivo,3.877,0.163,0.367,104,0.815,reuniones,0.9289,semantic-set:limpi,false
inculcar,verbo,3.817,0.170,0.514,31,0.832,,0.9288,semantic-set:incul,false
significar,verbo,5.455,0.073,0.361,44,0.684,,0.9288,semantic-set:signi,false
decepcionante,adjetivo,3.462,0.206,0.687,23,0.921,entrevistas,0.9287,semantic-set:decep,false
restablecer,verbo,4.220,0.136,0.545,135,0.746,negociacion,0.9287,semantic-set:resta|paronym-of:establecer,false
predecir,verbo,3.927,0.150,0.516,42,0.779,,0.9286,semantic-set:prede|paronym-of:reducir|paronym-of:prevenir,false
cuestionario,sustantivo,4.228,0.208,0.286,63,0.925,entrevistas,0.9285,semantic-set:cuest,false
respetar,verbo,5.343,0.044,0.470,87,0.521,,0.9284,semantic-set:respe|paronym-of:despejar|paronym-of:rescatar|paronym-of:despertar,false
calcular,verbo,4.973,0.084,0.448,47,0.609,,0.9279,semantic-set:calcu|paronym-of:cancelar|paronym-of:valvular,false
amortización,sustantivo,3.583,0.233,0.443,35,0.982,,0.9279,semantic-set:amort,false
práctico,adjetivo,4.304,0.076,0.391,84,0.588,persuasion-storytelling,0.9279,semantic-set:pract|paronym-of:práctica,false
principiar,verbo,5.223,0.092,0.504,118,0.627,conversacion-cotidiana,0.9277,semantic-set:princ|paronym-of:principio|paronym-of:principal,false
ruptura,sustantivo,4.286,0.091,0.594,4,0.624,,0.9276,semantic-set:ruptu,false
mantener,verbo,5.437,0.063,0.492,171,0.628,,0.9274,semantic-set:mante|paronym-of:contener,false
proyección,sustantivo,4.762,0.087,0.467,135,0.611,,0.9273,semantic-set:proye,false
afrontar,verbo,4.589,0.117,0.548,22,0.686,,0.9273,semantic-set:afron,false
corroborar,verbo,4.137,0.214,0.581,48,0.929,,0.9273,semantic-set:corro,false
socavar,verbo,3.745,0.136,0.679,9,0.733,conversaciones-dificiles,0.9270,semantic-set:socav,false
contrario,adjetivo,3.748,0.218,0.565,795,0.934,negociacion,0.9268,semantic-set:contr|paronym-of:contagio|paronym-of:contrato,false
generalmente,adverbio,4.814,0.081,0.529,265,0.592,,0.9267,semantic-set:gener,false
creatividad,sustantivo,4.677,0.112,0.418,54,0.668,elogio-reconocimiento,0.9265,semantic-set:creat,false
aportar,verbo,5.306,0.083,0.435,48,0.596,reuniones,0.9264,semantic-set:aport|paronym-of:anotar|paronym-of:adoptar|paronym-of:abordar,false
entrevista,sustantivo,4.522,0.078,0.535,390,0.583,,0.9264,semantic-set:entre,false
proponer,verbo,5.086,0.101,0.440,133,0.638,,0.9263,semantic-set:propo|paronym-of:promover,false
atraer,verbo,4.694,0.105,0.539,15,0.647,entrevistas,0.9262,semantic-set:atrae,false
convincente,adjetivo,3.725,0.220,0.606,122,0.932,,0.9258,semantic-set:convi|paronym-of:conveniente|paronym-of:contingente,false
eficiente,adjetivo,4.228,0.113,0.444,21,0.662,,0.9257,semantic-set:efici|paronym-of:suficiente,false
alcanzar,verbo,5.445,0.069,0.550,79,0.638,liderazgo-feedback,0.9257,semantic-set:alcan|paronym-of:avanzar|paronym-of:afianzar,false
presupuesto,sustantivo,4.379,0.159,0.420,124,0.777,presentaciones-oratoria,0.9256,semantic-set:presu,false
automatización,sustantivo,4.104,0.235,0.403,197,0.968,,0.9255,semantic-set:autom,false
testimonio,sustantivo,4.339,0.135,0.506,38,0.717,,0.9254,semantic-set:testi|paronym-of:testimonial,false
determinar,verbo,5.442,0.078,0.473,76,0.653,,0.9254,semantic-set:deter,false
explorar,verbo,4.645,0.088,0.514,95,0.598,,0.9253,semantic-set:explo|paronym-of:empeorar|paronym-of:exportar|paronym-of:deplorar,false
elevación,sustantivo,3.997,0.203,0.533,46,0.884,correos-mensajes,0.9252,semantic-set:eleva|paronym-of:elección,false
afectar,verbo,5.420,0.070,0.523,58,0.608,,0.9252,semantic-set:afect|paronym-of:acertar,false
adoptar,verbo,4.949,0.122,0.547,36,0.682,reuniones,0.9251,semantic-set:adopt|paronym-of:anotar|paronym-of:aportar,false
potencialmente,adverbio,3.968,0.162,0.549,67,0.781,,0.9251,semantic-set:poten,false
evaluar,verbo,5.112,0.114,0.421,63,0.661,,0.9250,semantic-set:evalu|paronym-of:avalar|paronym-of:avaluar,false
calidez,sustantivo,3.912,0.233,0.380,65,0.958,,0.9250,semantic-set:calid|paronym-of:rapidez|paronym-of:validez|paronym-of:calidad,false
declinar,verbo,3.898,0.219,0.572,14,0.920,,0.9248,semantic-set:decli|paronym-of:deslindar,false
estimar,verbo,5.145,0.078,0.554,78,0.568,negociacion,0.9248,semantic-set:estim|paronym-of:estirar|paronym-of:intimar|paronym-of:optimar,false
necesariamente,adverbio,4.563,0.122,0.435,96,0.677,,0.9248,semantic-set:neces,false
correcto,adjetivo,3.753,0.223,0.361,280,0.930,negociacion,0.9246,semantic-set:corre,false
defensivo,adjetivo,3.895,0.219,0.582,77,0.918,reuniones,0.9246,semantic-set:defen|paronym-of:defensiva,false
intervenir,verbo,4.467,0.101,0.563,2055,0.623,,0.9245,semantic-set:inter,false
consecución,sustantivo,3.959,0.227,0.435,251,0.938,liderazgo-feedback,0.9245,semantic-set:conse,false
modernidad,sustantivo,4.102,0.173,0.385,75,0.803,,0.9244,semantic-set:moder|paronym-of:modernizar,false
contribuir,verbo,4.908,0.131,0.417,795,0.697,conversacion-cotidiana,0.9243,semantic-set:contr,false
operar,verbo,5.094,0.081,0.513,111,0.571,,0.9243,semantic-set:opera|paronym-of:apelar,false
repercutir,verbo,3.912,0.152,0.455,26,0.749,,0.9242,semantic-set:reper,false
disfrutar,verbo,5.415,0.092,0.427,85,0.651,conversacion-cotidiana,0.9241,semantic-set:disfr,false
salvaguardar,verbo,4.038,0.149,0.518,262,0.739,conversacion-cotidiana,0.9239,semantic-set:salva,false
aprobación,sustantivo,4.943,0.104,0.508,33,0.626,reuniones,0.9238,semantic-set:aprob,false
reciprocar,verbo,3.770,0.159,0.443,16,0.760,,0.9236,semantic-set:recip,false
suicidio,sustantivo,4.181,0.145,0.584,29,0.726,,0.9236,semantic-set:suici|paronym-of:subsidio,false
impedir,verbo,4.475,0.131,0.497,30,0.690,correos-mensajes,0.9235,semantic-set:imped,false
reducir,verbo,5.275,0.074,0.506,57,0.548,,0.9235,semantic-set:reduc|paronym-of:aducir|paronym-of:inducir|paronym-of:deducir,false
resolver,verbo,5.031,0.098,0.477,78,0.608,conflicto-desacuerdo,0.9235,semantic-set:resol|paronym-of:absolver,false
instalación,sustantivo,5.014,0.123,0.367,180,0.671,liderazgo-feedback,0.9234,semantic-set:insta,false
legítimo,adjetivo,3.755,0.182,0.522,31,0.818,,0.9234,semantic-set:legit,false
interrogante,adjetivo,3.850,0.185,0.512,2055,0.823,decir-que-no,0.9233,semantic-set:inter,false
desempeñar,verbo,5.224,0.098,0.520,125,0.606,,0.9233,semantic-set:desem|paronym-of:desesperar,false
recopilación,sustantivo,4.084,0.159,0.459,23,0.757,,0.9232,semantic-set:recop,false
moderación,sustantivo,3.804,0.178,0.521,75,0.803,correos-mensajes,0.9231,semantic-set:moder|paronym-of:operación,false
personalización,sustantivo,3.748,0.170,0.449,254,0.785,,0.9231,semantic-set:perso,false
certeza,sustantivo,4.476,0.123,0.524,6,0.666,conversaciones-dificiles,0.9230,semantic-set:certe,false
evidente,adjetivo,4.769,0.108,0.493,31,0.629,,0.9230,semantic-set:evide,false
colaboración,sustantivo,4.999,0.126,0.480,52,0.672,,0.9229,semantic-set:colab|paronym-of:elaboración,false
expansión,sustantivo,4.632,0.080,0.510,60,0.558,conversacion-cotidiana,0.9229,semantic-set:expan|paronym-of:extensión,false
reestructuración,sustantivo,4.069,0.160,0.533,36,0.755,reuniones,0.9226,semantic-set:reest,false
intrínseco,adjetivo,3.382,0.187,0.460,24,0.821,,0.9225,semantic-set:intri,false
rescatar,verbo,4.904,0.123,0.550,40,0.661,liderazgo-feedback,0.9225,semantic-set:resca|paronym-of:recabar|paronym-of:rescate|paronym-of:respetar,false
reactivación,sustantivo,3.856,0.165,0.614,35,0.765,,0.9222,semantic-set:react,false
celeridad,sustantivo,3.743,0.241,0.522,11,0.953,,0.9222,semantic-set:celer|paronym-of:temeridad,false
exponer,verbo,4.781,0.113,0.486,48,0.634,,0.9222,semantic-set:expon,false
percepción,sustantivo,4.615,0.135,0.440,32,0.686,,0.9219,semantic-set:perce|paronym-of:recepción,false
implicar,verbo,5.091,0.078,0.475,32,0.545,,0.9218,semantic-set:impli|paronym-of:complicar,false
exactitud,sustantivo,4.059,0.111,0.398,21,0.625,matices-precision,0.9218,semantic-set:exact,false
compromiso,sustantivo,5.380,0.076,0.458,360,0.563,,0.9217,semantic-set:compr,false
obsesión,sustantivo,3.945,0.179,0.534,18,0.796,,0.9217,semantic-set:obses,false
antecedente,adjetivo,3.904,0.253,0.508,27,0.980,,0.9217,semantic-set:antec,false
afinar,verbo,3.999,0.258,0.453,15,0.991,paronimos,0.9216,semantic-set:afina|paronym-of:fijar|paronym-of:avisar|paronym-of:alinear,false
futuro,adjetivo,5.452,0.040,0.480,54,0.539,,0.9216,semantic-set:futur,false
dialogar,verbo,5.160,0.088,0.521,27,0.567,negociacion,0.9216,semantic-set:dialo,false
liderar,verbo,4.762,0.140,0.648,70,0.696,reuniones,0.9215,semantic-set:lider|paronym-of:liderato,false
corregir,verbo,4.414,0.100,0.452,280,0.593,,0.9211,semantic-set:corre,false
disminuir,verbo,4.730,0.119,0.489,43,0.639,,0.9210,semantic-set:dismi,false
incertidumbre,sustantivo,4.424,0.111,0.578,9,0.617,negociacion,0.9208,semantic-set:incer,false
responsabilizar,verbo,4.040,0.163,0.394,221,0.747,decir-que-no,0.9207,semantic-set:respo,false
precisar,verbo,5.177,0.125,0.494,150,0.652,,0.9206,semantic-set:preci|paronym-of:revisar|paronym-of:precisa|paronym-of:apreciar,false
apremiante,adjetivo,3.604,0.255,0.578,8,0.975,,0.9206,semantic-set:aprem,false
analizar,verbo,5.258,0.092,0.461,79,0.569,,0.9205,semantic-set:anali|paronym-of:agilizar|paronym-of:canalizar,false
adquisición,sustantivo,4.726,0.136,0.434,74,0.675,entrevistas,0.9203,semantic-set:adqui,false
invertir,verbo,4.800,0.139,0.479,160,0.683,,0.9203,semantic-set:inver|paronym-of:revertir|paronym-of:inversor,false
productividad,sustantivo,4.702,0.140,0.377,358,0.685,,0.9203,semantic-set:produ,false
parentesco,sustantivo,3.608,0.182,0.537,28,0.790,,0.9203,semantic-set:paren,false
preocupante,adjetivo,4.225,0.112,0.573,46,0.616,,0.9203,semantic-set:preoc,false
fragmentar,verbo,4.083,0.207,0.518,15,0.853,,0.9202,semantic-set:fragm,false
concentración,sustantivo,4.793,0.105,0.488,282,0.596,,0.9201,semantic-set:conce,false
reflexión,sustantivo,4.879,0.143,0.401,91,0.691,,0.9201,semantic-set:refle,false
implementación,sustantivo,4.951,0.202,0.449,49,0.838,liderazgo-feedback,0.9199,semantic-set:imple,false
voluntariamente,adverbio,3.993,0.148,0.457,36,0.704,conversacion-cotidiana,0.9199,semantic-set:volun,false
actitud,sustantivo,5.046,0.071,0.457,11,0.510,,0.9197,semantic-set:actit|paronym-of:aptitud,false
despliegue,sustantivo,4.180,0.133,0.584,81,0.664,presentaciones-oratoria,0.9197,semantic-set:despl,false
reanudación,sustantivo,3.503,0.173,0.674,17,0.762,,0.9196,semantic-set:reanu,false
sostener,verbo,4.756,0.101,0.520,78,0.582,reuniones,0.9196,semantic-set:soste|paronym-of:obtener|paronym-of:contener,false
rampa,sustantivo,3.848,0.175,0.548,5,0.767,,0.9196,semantic-set:rampa,false
compresión,sustantivo,3.877,0.246,0.399,360,0.945,,0.9196,semantic-set:compr|paronym-of:impresión,false
defunción,sustantivo,3.937,0.236,0.555,7,0.917,reuniones,0.9194,semantic-set:defun|paronym-of:definición,false
fortalecer,verbo,5.099,0.138,0.476,58,0.671,,0.9192,semantic-set:forta,false
marchar,verbo,5.179,0.077,0.517,99,0.519,entrevistas,0.9192,semantic-set:march|paronym-of:marcha|paronym-of:marcar,false
facilidad,sustantivo,4.806,0.128,0.443,89,0.646,,0.9190,semantic-set:facil|paronym-of:agilidad|paronym-of:habilidad|paronym-of:fiabilidad,false
dirimir,verbo,3.594,0.228,0.530,14,0.894,conflicto-desacuerdo,0.9190,semantic-set:dirim,false
complicidad,sustantivo,3.995,0.249,0.558,272,0.946,,0.9189,semantic-set:compl|paronym-of:complejidad,false
aclarar,verbo,4.983,0.110,0.552,43,0.600,,0.9189,semantic-set:aclar|paronym-of:acabar,false
ratificación,sustantivo,3.956,0.177,0.540,27,0.765,redaccion-ejecutiva,0.9188,semantic-set:ratif|paronym-of:calificación|paronym-of:notificación|paronym-of:santificación,false
resultante,adjetivo,4.081,0.169,0.516,78,0.744,,0.9187,semantic-set:resul,false
amargura,sustantivo,3.618,0.265,0.443,17,0.983,,0.9185,semantic-set:amarg,false
garantizar,verbo,5.326,0.104,0.437,68,0.583,conversacion-cotidiana,0.9184,semantic-set:garan,false
revisar,verbo,5.019,0.113,0.469,117,0.603,correos-mensajes,0.9184,semantic-set:revis|paronym-of:avisar|paronym-of:rebasar|paronym-of:precisar,false
conversar,verbo,4.667,0.147,0.467,267,0.687,,0.9183,semantic-set:conve,false
intimidad,sustantivo,4.267,0.202,0.414,50,0.822,paronimos,0.9182,semantic-set:intim,false
engañar,verbo,4.485,0.118,0.609,34,0.613,conversaciones-dificiles,0.9182,semantic-set:engañ|paronym-of:entrañar,false
dominio,sustantivo,3.956,0.229,0.388,265,0.890,negociacion,0.9181,semantic-set:domin,false
definición,sustantivo,4.829,0.138,0.467,87,0.663,,0.9180,semantic-set:defin|paronym-of:defunción|paronym-of:refinación,false
consensuar,verbo,3.779,0.248,0.501,251,0.938,reuniones,0.9180,semantic-set:conse,false
decaer,verbo,3.576,0.175,0.586,3,0.921,,0.9180,semantic-set:decae|paronym-of:recaer,false
diferenciación,sustantivo,3.914,0.232,0.433,88,0.896,,0.9179,semantic-set:difer,false
atender,verbo,5.216,0.108,0.499,51,0.586,,0.9178,semantic-set:atend,false
apreciar,verbo,4.869,0.127,0.482,31,0.633,,0.9178,semantic-set:aprec|paronym-of:precisar,false
financiar,verbo,4.761,0.146,0.466,172,0.678,reuniones,0.9177,semantic-set:finan|paronym-of:financiero,false
absoluto,adjetivo,4.475,0.080,0.481,38,0.515,paronimos,0.9176,semantic-set:absol,false
pavimentar,verbo,4.025,0.189,0.471,13,0.787,,0.9176,semantic-set:pavim,false
comportamiento,sustantivo,5.001,0.106,0.493,121,0.578,,0.9175,semantic-set:compo,false
disimular,verbo,3.802,0.232,0.531,18,0.893,presentaciones-oratoria,0.9175,semantic-set:disim,false
precipitar,verbo,3.765,0.187,0.622,150,0.780,,0.9174,semantic-set:preci,false
perfeccionar,verbo,4.149,0.190,0.396,70,0.786,reuniones,0.9174,semantic-set:perfe,false
discusión,sustantivo,4.983,0.122,0.511,90,0.614,reuniones,0.9172,semantic-set:discu|paronym-of:difusión,false
gratuidad,sustantivo,3.654,0.217,0.586,29,0.850,,0.9170,semantic-set:gratu,false
gestionar,verbo,4.752,0.134,0.436,66,0.642,,0.9169,semantic-set:gesti|paronym-of:sesionar,false
frecuentemente,adverbio,4.322,0.127,0.470,101,0.624,,0.9169,semantic-set:frecu,false
efectivamente,adverbio,4.516,0.133,0.466,72,0.640,entrevistas,0.9168,semantic-set:efect,false
noviazgo,sustantivo,3.650,0.198,0.573,19,0.797,paronimos,0.9164,semantic-set:novia,false
vistazo,sustantivo,3.951,0.161,0.390,56,0.704,,0.9162,semantic-set:vista,false
recuperación,sustantivo,4.920,0.080,0.520,48,0.501,,0.9162,semantic-set:recup|paronym-of:remuneración,false
beneficiar,verbo,5.271,0.091,0.483,92,0.528,conversacion-cotidiana,0.9161,semantic-set:benef,false
parámetro,sustantivo,3.867,0.195,0.481,73,0.789,,0.9161,semantic-set:param,false
elaborar,verbo,5.123,0.096,0.439,38,0.540,entrevistas,0.9160,semantic-set:elabo|paronym-of:laborar,false
modernizar,verbo,3.905,0.201,0.550,75,0.802,,0.9159,semantic-set:moder|paronym-of:modernidad,false
escoltar,verbo,3.968,0.229,0.600,80,0.871,reuniones,0.9158,semantic-set:escol|paronym-of:escolta,false
planificar,verbo,4.698,0.138,0.448,74,0.641,conversacion-cotidiana,0.9157,semantic-set:plani|paronym-of:clasificar,false
proporcionar,verbo,5.157,0.134,0.437,133,0.631,,0.9154,semantic-set:propo,false
convocar,verbo,4.912,0.120,0.553,47,0.595,reuniones,0.9154,semantic-set:convo|paronym-of:consolar,false
acercar,verbo,5.387,0.109,0.461,46,0.597,,0.9154,semantic-set:acerc|paronym-of:acertar,false
responder,verbo,5.274,0.104,0.484,221,0.555,correos-mensajes,0.9152,semantic-set:respo,false
accesible,adjetivo,4.561,0.108,0.458,90,0.562,negociacion,0.9151,semantic-set:acces,false
desembolso,sustantivo,3.512,0.246,0.552,125,0.908,redaccion-ejecutiva,0.9151,semantic-set:desem,false
preguntar,verbo,5.437,0.089,0.500,99,0.590,,0.9150,semantic-set:pregu|paronym-of:pregunta,false
promover,verbo,5.211,0.105,0.471,135,0.554,,0.9148,semantic-set:promo|paronym-of:proponer,false
valorar,verbo,4.922,0.110,0.516,107,0.565,,0.9148,semantic-set:valor|paronym-of:alojar|paronym-of:validar|paronym-of:laborar,false
negativo,adjetivo,4.699,0.098,0.499,20,0.534,,0.9147,semantic-set:negat|paronym-of:relativo|paronym-of:negativa,false
conllevar,verbo,4.510,0.140,0.466,7,0.639,,0.9147,semantic-set:conll,false
internacionalización,sustantivo,3.846,0.214,0.410,2055,0.824,,0.9147,semantic-set:inter,false
problema,sustantivo,5.479,0.071,0.460,46,0.594,,0.9146,semantic-set:probl,false
complejidad,sustantivo,4.467,0.154,0.485,272,0.674,,0.9146,semantic-set:compl|paronym-of:complicidad,false
circunstancial,adjetivo,3.359,0.265,0.460,122,0.951,,0.9145,semantic-set:circu,false
protagonismo,sustantivo,4.183,0.193,0.494,38,0.771,,0.9145,semantic-set:prota,false
problemática,sustantivo,4.696,0.152,0.462,46,0.667,,0.9145,semantic-set:probl,false
desechar,verbo,4.139,0.249,0.508,37,0.909,,0.9145,semantic-set:desec|paronym-of:detectar,false
sensibilidad,sustantivo,4.487,0.146,0.409,61,0.651,,0.9144,semantic-set:sensi,false
utilización,sustantivo,4.779,0.165,0.311,91,0.698,,0.9143,semantic-set:utili,false
detallar,verbo,5.243,0.089,0.524,63,0.505,,0.9140,semantic-set:detal,false
culpabilidad,sustantivo,3.873,0.256,0.605,34,0.924,,0.9139,semantic-set:culpa,false
veracidad,sustantivo,3.953,0.171,0.415,32,0.707,matices-precision,0.9136,semantic-set:verac,false
crianza,sustantivo,4.115,0.192,0.413,3,0.926,,0.9136,semantic-set:crian,false
entrañar,verbo,3.669,0.239,0.426,89,0.876,,0.9134,semantic-set:entra|paronym-of:engañar,false
llenar,verbo,5.275,0.076,0.460,46,0.468,,0.9132,semantic-set:llena|paronym-of:elevar,false
privatización,sustantivo,4.032,0.200,0.505,142,0.776,negociacion,0.9131,semantic-set:priva,false
utilidad,sustantivo,4.745,0.119,0.369,91,0.572,,0.9131,semantic-set:utili|paronym-of:agilidad,false
finalidad,sustantivo,4.790,0.169,0.361,103,0.697,,0.9130,semantic-set:final|paronym-of:fidelidad|paronym-of:rivalidad,false
derivar,verbo,4.731,0.128,0.515,39,0.595,negociacion,0.9130,semantic-set:deriv|paronym-of:depilar,false
desafío,sustantivo,4.648,0.163,0.539,75,0.681,elogio-reconocimiento,0.9129,semantic-set:desaf,false
recaer,verbo,4.159,0.142,0.496,4,0.628,,0.9129,semantic-set:recae|paronym-of:remar|paronym-of:decaer|paronym-of:recabar,false
optimización,sustantivo,4.138,0.208,0.337,52,0.794,,0.9128,semantic-set:optim,false
crucial,adjetivo,4.338,0.108,0.615,28,0.542,reuniones,0.9127,semantic-set:cruci,false
agrupar,verbo,4.303,0.158,0.486,25,0.667,entrevistas,0.9127,semantic-set:agrup|paronym-of:agregar,false
estandarización,sustantivo,3.557,0.238,0.399,97,0.868,,0.9126,semantic-set:estan,false
implementar,verbo,4.988,0.151,0.493,49,0.649,,0.9125,semantic-set:imple,false
limpieza,sustantivo,4.972,0.141,0.380,104,0.622,,0.9125,semantic-set:limpi,false
reubicar,verbo,3.650,0.189,0.633,14,0.742,conversacion-cotidiana,0.9124,semantic-set:reubi|paronym-of:rubricar,false
padecimiento,sustantivo,3.986,0.210,0.426,22,0.794,negociacion,0.9123,semantic-set:padec,false
oponente,adjetivo,3.900,0.210,0.645,14,0.795,,0.9123,semantic-set:opone,false
asumir,verbo,5.094,0.117,0.469,30,0.561,decir-que-no,0.9121,semantic-set:asumi|paronym-of:sumar|paronym-of:aducir|paronym-of:asomar,false
poner,verbo,5.546,0.079,0.461,16,0.700,conversacion-cotidiana,0.9121,semantic-set:poner,false
pronunciar,verbo,4.634,0.110,0.568,41,0.543,presentaciones-oratoria,0.9121,semantic-set:pronu,false
bañera,sustantivo,3.758,0.279,0.333,4,0.965,,0.9120,semantic-set:bañer|paronym-of:basura,false
precisa,sustantivo,3.844,0.205,0.487,150,0.780,,0.9120,semantic-set:preci|paronym-of:precisar,false
traductor,adjetivo,3.983,0.179,0.368,52,0.714,,0.9120,semantic-set:tradu,false
ocurrir,verbo,5.297,0.085,0.518,32,0.478,,0.9118,semantic-set:ocurr,false
aclaración,sustantivo,4.092,0.293,0.383,43,0.998,correos-mensajes,0.9118,semantic-set:aclar,false
malar,adjetivo,5.036,0.065,0.514,15,0.427,,0.9116,semantic-set:malar|paronym-of:sacar|paronym-of:radar|paronym-of:basar,false
paleta,sustantivo,3.917,0.212,0.399,22,0.792,,0.9116,semantic-set:palet|paronym-of:plena|paronym-of:pareja,false
prioridad,sustantivo,4.856,0.062,0.495,34,0.417,,0.9114,semantic-set:prior,false
validar,verbo,4.130,0.179,0.436,34,0.708,decir-que-no,0.9114,semantic-set:valid|paronym-of:valorar|paronym-of:validez,false
educador,adjetivo,3.838,0.250,0.365,310,0.886,,0.9114,semantic-set:educa,false
implantación,sustantivo,4.176,0.231,0.358,39,0.838,,0.9114,semantic-set:impla,false
planteamiento,sustantivo,4.435,0.143,0.470,133,0.619,reuniones,0.9113,semantic-set:plant,false
autocrítica,sustantivo,3.576,0.283,0.660,151,0.969,,0.9113,semantic-set:autoc,false
listo,adjetivo,4.322,0.144,0.512,8,0.618,correos-mensajes,0.9111,semantic-set:listo|paronym-of:lista|paronym-of:costo,false
minimizar,verbo,4.281,0.146,0.463,55,0.623,negociacion,0.9110,semantic-set:minim|paronym-of:dinamizar|paronym-of:maximizar,false
obtención,sustantivo,4.463,0.157,0.384,42,0.650,liderazgo-feedback,0.9109,semantic-set:obten|paronym-of:atención,false
concretar,verbo,5.062,0.119,0.503,53,0.556,,0.9109,semantic-set:concr|paronym-of:concreto,false
herramienta,sustantivo,4.984,0.129,0.398,48,0.577,,0.9106,semantic-set:herra,false
contundente,adjetivo,4.317,0.150,0.614,43,0.629,presentaciones-oratoria,0.9106,semantic-set:contu|paronym-of:contingente,false
mostrador,adjetivo,3.772,0.218,0.439,65,0.801,presentaciones-oratoria,0.9106,semantic-set:mostr,false
digitalización,sustantivo,3.821,0.256,0.601,133,0.895,,0.9106,semantic-set:digit,false
negociar,verbo,5.396,0.117,0.441,149,0.584,,0.9106,semantic-set:negoc|paronym-of:negocio,false
eficaz,adjetivo,4.798,0.080,0.367,6,0.455,,0.9106,semantic-set:efica,false
pluralidad,sustantivo,3.763,0.212,0.435,11,0.784,,0.9104,semantic-set:plura,false
surgir,verbo,5.046,0.143,0.465,31,0.610,,0.9104,semantic-set:surgi|paronym-of:sufrir,false
prestar,verbo,5.213,0.084,0.464,125,0.461,,0.9102,semantic-set:prest,false
elaboración,sustantivo,4.974,0.179,0.392,38,0.699,,0.9102,semantic-set:elabo|paronym-of:colaboración,false
forcejear,verbo,3.365,0.241,0.640,8,0.855,,0.9101,semantic-set:force,false
equidad,sustantivo,4.522,0.159,0.454,11,0.649,,0.9101,semantic-set:equid|paronym-of:entidad,false
modernización,sustantivo,4.320,0.168,0.505,75,0.669,,0.9099,semantic-set:moder,false
entorpecer,verbo,3.628,0.252,0.556,35,0.877,,0.9097,semantic-set:entor,false
eximir,verbo,3.735,0.246,0.381,23,0.862,,0.9096,semantic-set:eximi|paronym-of:exigir|paronym-of:emitir|paronym-of:existir,false
instructivo,adjetivo,3.873,0.232,0.334,107,0.826,liderazgo-feedback,0.9096,semantic-set:instr,false
volumen,sustantivo,4.966,0.127,0.481,14,0.565,,0.9095,semantic-set:volum,false
referente,adjetivo,4.850,0.167,0.481,87,0.664,,0.9095,semantic-set:refer,false
directamente,adverbio,5.094,0.064,0.442,151,0.407,correos-mensajes,0.9095,semantic-set:direc,false
renovación,sustantivo,4.625,0.087,0.504,43,0.463,decir-que-no,0.9094,semantic-set:renov|paronym-of:innovación,false
comprobar,verbo,4.860,0.122,0.419,360,0.549,decir-que-no,0.9093,semantic-set:compr,false
transcurrir,verbo,4.481,0.178,0.472,981,0.689,,0.9092,semantic-set:trans,false
puntualidad,sustantivo,3.802,0.210,0.363,30,0.769,,0.9092,semantic-set:puntu,false
rivalidad,sustantivo,3.793,0.199,0.703,11,0.742,liderazgo-feedback,0.9092,semantic-set:rival|paronym-of:finalidad|paronym-of:privacidad,false
miembro,sustantivo,5.111,0.115,0.545,9,0.531,reuniones,0.9091,semantic-set:miemb,false
sujetar,verbo,4.942,0.143,0.494,32,0.601,,0.9090,semantic-set:sujet,false
arreglar,verbo,4.616,0.108,0.531,51,0.512,,0.9090,semantic-set:arreg|paronym-of:agregar|paronym-of:irregular,false
contacto,sustantivo,4.617,0.107,0.427,346,0.507,,0.9088,semantic-set:conta|paronym-of:contagio|paronym-of:contrato,false
relativo,adjetivo,4.555,0.147,0.420,51,0.607,paronimos,0.9088,semantic-set:relat|paronym-of:negativo,false
optimizar,verbo,4.538,0.177,0.342,52,0.680,conversacion-cotidiana,0.9086,semantic-set:optim,false
enriquecer,verbo,4.422,0.144,0.403,48,0.599,,0.9086,semantic-set:enriq,false
descubrimiento,sustantivo,4.505,0.162,0.478,120,0.643,,0.9085,semantic-set:descu,false
rogar,verbo,3.703,0.201,0.238,7,0.741,correos-mensajes,0.9085,semantic-set:rogar|paronym-of:rotar|paronym-of:remar|paronym-of:votar,false
vulnerabilidad,sustantivo,4.446,0.172,0.533,28,0.666,conversacion-cotidiana,0.9084,semantic-set:vulne,false
fortalecimiento,sustantivo,4.717,0.177,0.445,58,0.679,,0.9084,semantic-set:forta,false
insumir,verbo,3.758,0.235,0.378,17,0.825,,0.9084,semantic-set:insum|paronym-of:asumir|paronym-of:inducir,false
obtener,verbo,5.527,0.086,0.445,42,0.653,,0.9083,semantic-set:obten|paronym-of:sostener|paronym-of:contener,false
medidor,adjetivo,3.902,0.230,0.391,28,0.809,,0.9080,semantic-set:medid|paronym-of:editor,false
medioambiental,adjetivo,4.131,0.230,0.472,76,0.808,,0.9080,semantic-set:medio|paronym-of:medioambiente,false
autoevaluación,sustantivo,3.765,0.294,0.278,106,0.969,,0.9080,semantic-set:autoe,false
concepto,adjetivo,5.317,0.110,0.419,282,0.507,,0.9076,semantic-set:conce|paronym-of:concreto,false
dinamizar,verbo,3.856,0.266,0.439,51,0.895,,0.9076,semantic-set:dinam|paronym-of:minimizar,false
publicitario,adjetivo,3.939,0.216,0.288,444,0.770,correos-mensajes,0.9075,semantic-set:publi,false
actualidad,sustantivo,5.127,0.111,0.492,137,0.506,conversacion-cotidiana,0.9074,semantic-set:actua|paronym-of:anualidad,false
correr,verbo,5.084,0.087,0.488,280,0.444,,0.9073,semantic-set:corre|paronym-of:borrar,false
amputación,sustantivo,3.411,0.301,0.538,15,0.981,,0.9073,semantic-set:amput|paronym-of:ampliación|paronym-of:imputación,false
aceptación,sustantivo,4.572,0.112,0.401,61,0.508,,0.9073,semantic-set:acept|paronym-of:adaptación|paronym-of:afectación,false
confianza,sustantivo,5.137,0.061,0.475,247,0.379,,0.9073,semantic-set:confi,false
teléfono,sustantivo,5.281,0.117,0.416,71,0.518,correos-mensajes,0.9072,semantic-set:telef,false
coacción,sustantivo,3.520,0.289,0.640,4,0.948,,0.9072,semantic-set:coacc,false
ejecutar,verbo,5.072,0.154,0.525,103,0.611,,0.9071,semantic-set:ejecu,false
convicción,sustantivo,4.430,0.168,0.514,122,0.646,,0.9071,semantic-set:convi,false
contabilizar,verbo,4.087,0.284,0.652,346,0.936,,0.9071,semantic-set:conta|paronym-of:contabilidad,false
objetivo,sustantivo,5.202,0.102,0.412,67,0.481,,0.9071,semantic-set:objet|paronym-of:objetivar,false
investidura,sustantivo,3.819,0.202,0.768,164,0.820,conflicto-desacuerdo,0.9070,semantic-set:inves,false
lección,sustantivo,4.254,0.144,0.457,9,0.585,,0.9070,semantic-set:lecci|paronym-of:elección|paronym-of:locación,false
multa,sustantivo,4.302,0.129,0.566,12,0.546,,0.9069,semantic-set:multa|paronym-of:meta|paronym-of:cuota,false
presentación,sustantivo,5.389,0.089,0.438,234,0.479,presentaciones-oratoria,0.9069,semantic-set:prese,false
leyenda,sustantivo,4.485,0.132,0.554,16,0.553,persuasion-storytelling,0.9069,semantic-set:leyen,false
paradigmático,adjetivo,3.248,0.188,0.770,62,0.792,,0.9067,semantic-set:parad,false
solidaridad,sustantivo,4.839,0.173,0.453,76,0.656,,0.9066,semantic-set:solid,false
respectar,verbo,5.528,0.102,0.522,87,0.681,,0.9066,semantic-set:respe|paronym-of:respetar|paronym-of:despertar,false
calendario,sustantivo,4.717,0.078,0.462,65,0.416,redaccion-ejecutiva,0.9066,semantic-set:calen,false
monopolio,sustantivo,4.030,0.232,0.476,40,0.802,,0.9066,semantic-set:monop,false
colesterol,sustantivo,4.171,0.108,0.412,10,0.490,,0.9065,semantic-set:coles,false
imagen,sustantivo,5.217,0.069,0.460,55,0.392,,0.9064,semantic-set:image,false
disciplinar,verbo,4.775,0.102,0.470,45,0.472,elogio-reconocimiento,0.9061,semantic-set:disci,false
comercialización,sustantivo,4.696,0.176,0.403,189,0.656,,0.9061,semantic-set:comer,false
solucionar,verbo,4.610,0.119,0.409,49,0.513,,0.9061,semantic-set:soluc,false
recabar,verbo,3.973,0.218,0.516,14,0.761,liderazgo-feedback,0.9060,semantic-set:recab|paronym-of:acabar|paronym-of:recaer|paronym-of:recrear,false
simulación,sustantivo,4.157,0.207,0.448,36,0.734,,0.9060,semantic-set:simul|paronym-of:situación,false
catecismo,sustantivo,3.604,0.296,0.375,10,0.954,presentaciones-oratoria,0.9057,semantic-set:catec,false
fiable,adjetivo,4.006,0.124,0.417,2,0.858,,0.9057,semantic-set:fiabl|paronym-of:viable,false
inspeccionar,verbo,3.977,0.245,0.518,29,0.827,liderazgo-feedback,0.9056,semantic-set:inspe,false
mensaje,sustantivo,5.406,0.050,0.484,34,0.383,correos-mensajes,0.9055,semantic-set:mensa|paronym-of:montaje,false
montaje,sustantivo,4.476,0.139,0.354,137,0.557,conectores-estructura,0.9053,semantic-set:monta|paronym-of:mensaje|paronym-of:puntaje,false
flagelo,sustantivo,3.912,0.258,0.581,11,0.856,decir-que-no,0.9053,semantic-set:flage,false
impune,adjetivo,3.631,0.251,0.554,10,0.837,,0.9052,semantic-set:impun,false
reiterar,verbo,4.859,0.146,0.623,27,0.573,decir-que-no,0.9050,semantic-set:reite,false
remar,verbo,3.758,0.218,0.475,17,0.752,,0.9048,semantic-set:remar|paronym-of:rotar|paronym-of:rogar|paronym-of:fumar,false
habilidad,sustantivo,4.602,0.137,0.514,52,0.548,liderazgo-feedback,0.9047,semantic-set:habil|paronym-of:agilidad|paronym-of:facilidad|paronym-of:amabilidad,false
recepción,sustantivo,4.746,0.127,0.378,45,0.523,,0.9047,semantic-set:recep|paronym-of:redención|paronym-of:percepción,false
obstrucción,sustantivo,3.819,0.236,0.456,30,0.795,,0.9045,semantic-set:obstr,false
clasificación,sustantivo,4.833,0.140,0.571,106,0.555,entrevistas,0.9045,semantic-set:clasi|paronym-of:calificación|paronym-of:planificación,false
demanda,sustantivo,4.602,0.142,0.491,40,0.558,,0.9045,semantic-set:deman,false
contagio,sustantivo,3.359,0.293,0.698,346,0.936,,0.9043,semantic-set:conta|paronym-of:contacto|paronym-of:contrario,false
ampliación,sustantivo,4.663,0.147,0.530,77,0.570,,0.9043,semantic-set:ampli|paronym-of:afiliación|paronym-of:amputación,false
causalidad,sustantivo,3.462,0.301,0.434,43,0.954,,0.9043,semantic-set:causa,false
democratizar,verbo,3.615,0.286,0.675,62,0.915,,0.9041,semantic-set:democ,false
administrar,verbo,4.934,0.168,0.438,240,0.621,entrevistas,0.9040,semantic-set:admin|paronym-of:suministrar,false
veredicto,sustantivo,3.817,0.202,0.582,10,0.706,,0.9040,semantic-set:vered,false
incalculable,adjetivo,3.476,0.255,0.399,6,0.835,,0.9038,semantic-set:incal,false
salvar,verbo,5.092,0.086,0.510,262,0.414,,0.9038,semantic-set:salva|paronym-of:sacar|paronym-of:malar|paronym-of:balar,false
ilegalidad,sustantivo,3.852,0.257,0.412,22,0.841,,0.9038,semantic-set:ilega|paronym-of:letalidad,false
penetración,sustantivo,4.079,0.147,0.456,29,0.566,,0.9037,semantic-set:penet,false
democratización,sustantivo,3.825,0.287,0.443,62,0.915,,0.9037,semantic-set:democ,false
existente,adjetivo,4.511,0.105,0.434,58,0.460,entrevistas,0.9037,semantic-set:exist,false
persistir,verbo,4.254,0.135,0.548,61,0.535,,0.9036,semantic-set:persi|paronym-of:permitir,false
funcionamiento,sustantivo,5.067,0.089,0.443,107,0.419,liderazgo-feedback,0.9036,semantic-set:funci,false
esclarecimiento,sustantivo,3.545,0.270,0.512,46,0.873,,0.9036,semantic-set:escla,false
ecoturismo,sustantivo,3.728,0.277,0.398,8,0.886,,0.9032,semantic-set:ecotu,false
infiltración,sustantivo,3.512,0.255,0.524,16,0.830,liderazgo-feedback,0.9031,semantic-set:infil,false
procesamiento,sustantivo,4.505,0.129,0.471,173,0.515,,0.9031,semantic-set:proce,false
justificación,sustantivo,4.259,0.148,0.533,110,0.563,liderazgo-feedback,0.9030,semantic-set:justi,false
elección,sustantivo,5.030,0.115,0.532,19,0.478,,0.9029,semantic-set:elecc|paronym-of:lección|paronym-of:elevación|paronym-of:detección,false
chequeo,sustantivo,3.346,0.305,0.508,27,0.951,,0.9027,semantic-set:chequ,false
sistematización,sustantivo,3.760,0.218,0.324,95,0.734,,0.9027,semantic-set:siste,false
retribución,sustantivo,3.863,0.222,0.514,29,0.744,entrevistas,0.9027,semantic-set:retri,false
perspectiva,sustantivo,4.510,0.137,0.454,17,0.530,,0.9026,semantic-set:persp,false
honradez,sustantivo,3.701,0.263,0.438,24,0.844,conversaciones-dificiles,0.9025,semantic-set:honra,false
exclusivamente,adverbio,4.631,0.130,0.404,64,0.512,conversacion-cotidiana,0.9024,semantic-set:exclu,false
rescate,sustantivo,3.394,0.225,0.460,40,0.748,,0.9023,semantic-set:resca|paronym-of:rescatar,false
caracterización,sustantivo,4.086,0.309,0.373,148,0.956,,0.9022,semantic-set:carac,false
volátil,adjetivo,3.650,0.208,0.522,8,0.703,,0.9020,semantic-set:volat,false
extremadamente,adverbio,4.288,0.100,0.497,45,0.434,paronimos,0.9020,semantic-set:extre,false
entorno,sustantivo,5.067,0.136,0.449,35,0.522,,0.9020,semantic-set:entor|paronym-of:externo|paronym-of:interno,false
elevar,verbo,5.052,0.103,0.514,46,0.439,negociacion,0.9018,semantic-set:eleva|paronym-of:llenar,false
clasificar,verbo,4.742,0.122,0.564,106,0.485,reuniones,0.9017,semantic-set:clasi|paronym-of:planificar,false
término,sustantivo,5.182,0.122,0.474,85,0.486,,0.9017,semantic-set:termi|paronym-of:térmica,false
rentabilidad,sustantivo,4.397,0.228,0.460,50,0.750,,0.9016,semantic-set:renta|paronym-of:estabilidad|paronym-of:contabilidad,false
bloqueo,sustantivo,3.695,0.314,0.487,39,0.963,reuniones,0.9014,semantic-set:bloqu,false
introducir,verbo,4.840,0.182,0.432,99,0.633,correos-mensajes,0.9014,semantic-set:intro,false
cólera,sustantivo,3.850,0.298,0.566,9,0.922,,0.9013,semantic-set:coler,false
climatización,sustantivo,3.545,0.309,0.371,74,0.949,liderazgo-feedback,0.9012,semantic-set:clima,false
mentiroso,adjetivo,3.597,0.252,0.428,32,0.807,entrevistas,0.9011,semantic-set:menti,false
negativa,sustantivo,4.674,0.060,0.529,20,0.324,,0.9010,semantic-set:negat|paronym-of:negativo,false
cursor,sustantivo,3.286,0.299,0.247,37,0.923,,0.9010,semantic-set:curso,false
sustentar,verbo,4.686,0.167,0.439,38,0.591,,0.9009,semantic-set:suste,false
cotejar,verbo,3.898,0.302,0.551,11,0.928,,0.9008,semantic-set:cotej,false
adicionalmente,adverbio,4.544,0.329,0.403,73,0.995,,0.9008,semantic-set:adici,false
ilustrativo,adjetivo,3.549,0.267,0.304,33,0.840,conversacion-cotidiana,0.9008,semantic-set:ilust,false
costo,sustantivo,5.017,0.102,0.416,24,0.427,negociacion,0.9007,semantic-set:costo|paronym-of:listo|paronym-of:coste|paronym-of:monto,false
incubación,sustantivo,3.587,0.264,0.503,18,0.833,,0.9007,semantic-set:incub|paronym-of:inhumación|paronym-of:vinculación,false
almuerzo,sustantivo,4.481,0.176,0.339,9,0.612,conversacion-cotidiana,0.9006,semantic-set:almue,false
comercializar,verbo,4.496,0.160,0.493,189,0.570,,0.9005,semantic-set:comer,false
asunto,sustantivo,4.969,0.212,0.465,8,0.699,,0.9004,semantic-set:asunt,false
subsidio,sustantivo,4.216,0.160,0.534,47,0.571,presentaciones-oratoria,0.9004,semantic-set:subsi|paronym-of:suicidio,false
legitimar,verbo,4.446,0.122,0.532,31,0.473,conversaciones-dificiles,0.9003,semantic-set:legit,false
desperdicio,sustantivo,3.735,0.293,0.375,206,0.903,,0.9003,semantic-set:despe,false
fumar,verbo,4.405,0.163,0.446,15,0.575,,0.9002,semantic-set:fumar|paronym-of:remar|paronym-of:sumar|paronym-of:fijar,false
patriotismo,sustantivo,3.615,0.249,0.481,117,0.789,,0.9000,semantic-set:patri,false
escribir,verbo,5.366,0.110,0.459,136,0.459,,0.8998,semantic-set:escri|paronym-of:suscribir,false
estirar,verbo,4.011,0.281,0.444,30,0.866,,0.8995,semantic-set:estir|paronym-of:aspirar|paronym-of:esmerar|paronym-of:estimar,false
recortar,verbo,4.316,0.146,0.546,141,0.527,,0.8993,semantic-set:recor|paronym-of:decorar|paronym-of:recrear|paronym-of:reportar,false
oportuno,adjetivo,4.358,0.145,0.441,66,0.523,,0.8991,semantic-set:oport,false
normalidad,sustantivo,4.199,0.117,0.575,97,0.451,correos-mensajes,0.8991,semantic-set:norma|paronym-of:normalizar,false
formulación,sustantivo,4.411,0.196,0.399,38,0.648,conversacion-cotidiana,0.8990,semantic-set:formu,false
serenidad,sustantivo,3.821,0.232,0.391,19,0.736,,0.8987,semantic-set:seren,false
inconsistente,adjetivo,3.307,0.271,0.563,136,0.833,conversaciones-dificiles,0.8987,semantic-set:incon,false
escolta,sustantivo,3.256,0.287,0.691,80,0.872,reuniones,0.8986,semantic-set:escol|paronym-of:escala|paronym-of:escoltar,false
mérito,sustantivo,4.275,0.196,0.459,26,0.645,negociacion,0.8985,semantic-set:merit|paronym-of:médico,false
manifiesto,adjetivo,4.356,0.099,0.493,63,0.400,entrevistas,0.8984,semantic-set:manif,false
estructuración,sustantivo,3.686,0.284,0.310,68,0.864,,0.8983,semantic-set:estru,false
liderazgo,sustantivo,4.833,0.136,0.522,70,0.493,liderazgo-feedback,0.8983,semantic-set:lider|paronym-of:liderato,false
singular,adjetivo,4.512,0.210,0.247,16,0.676,,0.8983,semantic-set:singu,false
abordar,verbo,4.950,0.111,0.543,26,0.430,,0.8982,semantic-set:abord|paronym-of:borrar|paronym-of:aportar|paronym-of:laborar,false
proveer,verbo,4.798,0.216,0.311,97,0.689,,0.8979,semantic-set:prove|paronym-of:proteger,false
medición,sustantivo,4.649,0.175,0.414,136,0.586,liderazgo-feedback,0.8978,semantic-set:medic|paronym-of:adición|paronym-of:petición|paronym-of:mediación,false
significativo,adjetivo,4.700,0.096,0.506,44,0.389,elogio-reconocimiento,0.8978,semantic-set:signi,false
programación,sustantivo,4.819,0.168,0.442,219,0.568,decir-que-no,0.8978,semantic-set:progr,false
identificable,adjetivo,3.457,0.278,0.465,100,0.842,,0.8978,semantic-set:ident,false
intimar,verbo,4.357,0.143,0.493,50,0.504,paronimos,0.8977,semantic-set:intim|paronym-of:estimar|paronym-of:optimar,false
decorar,verbo,4.459,0.218,0.467,75,0.692,,0.8977,semantic-set:decor|paronym-of:demora|paronym-of:mejorar|paronym-of:recortar,false
consolar,verbo,4.248,0.155,0.452,92,0.535,correos-mensajes,0.8976,semantic-set:conso|paronym-of:convocar|paronym-of:consultar,false
coste,sustantivo,4.130,0.185,0.401,30,0.609,negociacion,0.8976,semantic-set:coste|paronym-of:costo,false
relevante,adjetivo,4.483,0.139,0.478,30,0.494,redaccion-ejecutiva,0.8976,semantic-set:relev,false
resuelto,adjetivo,4.450,0.217,0.454,17,0.688,,0.8975,semantic-set:resue,false
conmovedor,adjetivo,3.503,0.318,0.687,32,0.939,correos-mensajes,0.8973,semantic-set:conmo,false
deteriorar,verbo,4.581,0.086,0.550,76,0.358,,0.8973,semantic-set:deter,false
confirmar,verbo,5.308,0.117,0.610,247,0.437,decir-que-no,0.8972,semantic-set:confi|paronym-of:confinar,false
climático,adjetivo,4.783,0.205,0.586,74,0.654,,0.8971,semantic-set:clima,false
favor,sustantivo,5.457,0.070,0.438,73,0.414,correos-mensajes,0.8970,semantic-set:favor|paronym-of:valor|paronym-of:factor,false
constante,adjetivo,5.040,0.063,0.480,406,0.298,,0.8970,semantic-set:const,false
fortuito,adjetivo,3.437,0.285,0.426,18,0.853,,0.8970,semantic-set:fortu,false
trazar,verbo,4.458,0.157,0.545,25,0.533,,0.8968,semantic-set:traza|paronym-of:radar|paronym-of:dragar|paronym-of:gravar,false
descenso,sustantivo,4.492,0.165,0.567,96,0.553,reuniones,0.8968,semantic-set:desce|paronym-of:ascenso,false
multidisciplinar,adjetivo,3.437,0.264,0.358,663,0.800,liderazgo-feedback,0.8968,semantic-set:multi,false
recrear,verbo,4.274,0.163,0.436,47,0.547,entrevistas,0.8966,semantic-set:recre|paronym-of:recaer|paronym-of:recabar|paronym-of:recortar,false
revertir,verbo,4.137,0.182,0.503,69,0.593,,0.8966,semantic-set:rever|paronym-of:invertir,false
particular,adjetivo,5.311,0.116,0.473,263,0.429,,0.8965,semantic-set:parti,false
formular,verbo,4.972,0.083,0.522,38,0.343,,0.8963,semantic-set:formu,false
sorpresa,sustantivo,4.199,0.105,0.478,69,0.397,decir-que-no,0.8963,semantic-set:sorpr,false
lectura,sustantivo,5.081,0.158,0.405,21,0.529,,0.8960,semantic-set:lectu,false
fomentar,verbo,5.035,0.134,0.423,27,0.467,,0.8959,semantic-set:fomen|paronym-of:aumentar,false
encuesta,sustantivo,4.542,0.142,0.545,74,0.487,entrevistas,0.8959,semantic-set:encue,false
usuario,sustantivo,5.275,0.129,0.317,38,0.453,,0.8958,semantic-set:usuar,false
abuso,sustantivo,4.272,0.192,0.586,4,0.613,,0.8958,semantic-set:abuso,false
verdadero,adjetivo,4.971,0.066,0.453,26,0.296,reuniones,0.8957,semantic-set:verda,false
argumento,sustantivo,4.563,0.154,0.496,33,0.517,decir-que-no,0.8956,semantic-set:argum,false
enfocar,verbo,5.136,0.134,0.495,30,0.464,,0.8956,semantic-set:enfoc,false
crítico,adjetivo,4.429,0.125,0.613,47,0.440,reuniones,0.8953,semantic-set:criti|paronym-of:cívico,false
personalizar,verbo,4.651,0.145,0.334,254,0.489,,0.8952,semantic-set:perso,false
agravamiento,sustantivo,3.131,0.345,0.530,28,0.989,,0.8952,semantic-set:agrav,false
demora,sustantivo,3.537,0.315,0.613,23,0.914,liderazgo-feedback,0.8951,semantic-set:demor|paronym-of:mejora|paronym-of:decorar,false
humanismo,sustantivo,3.735,0.287,0.462,197,0.843,,0.8949,semantic-set:human,false
principio,sustantivo,5.151,0.081,0.523,118,0.326,,0.8949,semantic-set:princ|paronym-of:principal|paronym-of:principiar,false
lamentable,adjetivo,4.269,0.143,0.569,42,0.480,,0.8949,semantic-set:lamen,false
implícito,adjetivo,3.568,0.286,0.581,32,0.837,correos-mensajes,0.8948,semantic-set:impli,false
plantear,verbo,5.210,0.123,0.514,133,0.429,,0.8947,semantic-set:plant,false
estafa,sustantivo,3.371,0.299,0.619,21,0.869,,0.8946,semantic-set:estaf|paronym-of:escala,false
emotivo,adjetivo,3.983,0.159,0.623,15,0.518,correos-mensajes,0.8945,semantic-set:emoti,false
preventivo,adjetivo,4.310,0.176,0.415,98,0.559,liderazgo-feedback,0.8943,semantic-set:preve,false
visión,sustantivo,5.201,0.085,0.460,29,0.332,,0.8942,semantic-set:visio|paronym-of:pistón,false
aprieta,sustantivo,3.359,0.343,0.420,11,0.974,,0.8941,semantic-set:aprie,false
invicto,adjetivo,3.953,0.214,0.592,3,0.820,liderazgo-feedback,0.8941,semantic-set:invic,false
registro,sustantivo,4.715,0.124,0.541,103,0.425,presentaciones-oratoria,0.8939,semantic-set:regis|paronym-of:registrar,false
colocación,sustantivo,4.476,0.184,0.429,62,0.576,,0.8938,semantic-set:coloc,false
imposición,sustantivo,4.220,0.200,0.535,40,0.615,persuasion-storytelling,0.8938,semantic-set:impos|paronym-of:deposición|paronym-of:reposición|paronym-of:disposición,false
autoestima,sustantivo,4.237,0.118,0.409,106,0.410,conversaciones-dificiles,0.8938,semantic-set:autoe,false
falsa,sustantivo,4.478,0.090,0.579,17,0.339,,0.8937,semantic-set:falsa|paronym-of:tasa|paronym-of:bala|paronym-of:sala,false
trabajador,adjetivo,4.729,0.142,0.499,230,0.470,,0.8936,semantic-set:traba,false
objeto,sustantivo,4.869,0.097,0.487,67,0.354,,0.8935,semantic-set:objet,false
marcha,sustantivo,4.043,0.165,0.485,99,0.525,,0.8935,semantic-set:march|paronym-of:marcar|paronym-of:marchar,false
homologar,verbo,4.050,0.210,0.508,19,0.636,reuniones,0.8934,semantic-set:homol,false
cumplir,verbo,5.590,0.063,0.471,90,0.591,entrevistas,0.8933,semantic-set:cumpl,false
renovable,adjetivo,4.014,0.256,0.561,43,0.750,,0.8933,semantic-set:renov|paronym-of:rentable,false
cotidianidad,sustantivo,3.698,0.327,0.501,13,0.928,,0.8932,semantic-set:cotid,false
vencer,verbo,4.875,0.096,0.540,26,0.350,,0.8931,semantic-set:vence|paronym-of:cáncer|paronym-of:verter,false
impresión,sustantivo,4.838,0.085,0.368,128,0.323,,0.8931,semantic-set:impre|paronym-of:compresión,false
criticar,verbo,5.221,0.087,0.571,47,0.327,,0.8930,semantic-set:criti,false
interpretación,sustantivo,4.829,0.138,0.488,2055,0.454,,0.8930,semantic-set:inter|paronym-of:interrelación,false
compactación,sustantivo,3.307,0.336,0.180,372,0.947,,0.8928,semantic-set:compa,false
prejuicio,sustantivo,3.601,0.269,0.447,23,0.779,conversaciones-dificiles,0.8926,semantic-set:preju,false
simbólico,adjetivo,4.072,0.125,0.531,25,0.417,,0.8925,semantic-set:simbo,false
padecer,verbo,4.668,0.133,0.493,22,0.437,,0.8925,semantic-set:padec,false
responsable,adjetivo,5.424,0.072,0.445,221,0.346,,0.8925,semantic-set:respo,false
centavo,adjetivo,3.654,0.340,0.548,15,0.953,negociacion,0.8923,semantic-set:centa,false
ventaja,sustantivo,5.101,0.063,0.460,166,0.260,reuniones,0.8922,semantic-set:venta,false
positivo,adjetivo,4.519,0.098,0.481,36,0.347,,0.8922,semantic-set:posit,false
pensamiento,sustantivo,5.040,0.146,0.422,61,0.465,,0.8920,semantic-set:pensa,false
admitir,verbo,4.727,0.134,0.493,41,0.434,,0.8920,semantic-set:admit|paronym-of:emitir,false
dudoso,adjetivo,3.545,0.182,0.536,2,0.888,,0.8920,semantic-set:dudos,false
emitir,verbo,4.951,0.108,0.541,32,0.369,reuniones,0.8920,semantic-set:emiti|paronym-of:exigir|paronym-of:eximir|paronym-of:editor,false
despenalizar,verbo,3.131,0.322,0.600,206,0.903,,0.8918,semantic-set:despe,false
umbral,sustantivo,4.035,0.202,0.499,5,0.600,,0.8915,semantic-set:umbra,false
empate,sustantivo,3.638,0.314,0.709,32,0.882,reuniones,0.8915,semantic-set:empat|paronym-of:empatar,false
conceptualización,sustantivo,3.590,0.340,0.456,282,0.944,,0.8913,semantic-set:conce,false
difundir,verbo,4.679,0.136,0.463,30,0.435,correos-mensajes,0.8913,semantic-set:difun,false
sembrar,verbo,4.428,0.130,0.493,30,0.420,conversacion-cotidiana,0.8913,semantic-set:sembr,false
acumular,verbo,4.810,0.079,0.536,30,0.290,reuniones,0.8911,semantic-set:acumu,false
amistad,sustantivo,4.872,0.175,0.522,32,0.530,,0.8911,semantic-set:amist,false
puntual,adjetivo,4.416,0.119,0.456,30,0.389,liderazgo-feedback,0.8910,semantic-set:puntu|paronym-of:mutual,false
breve,adjetivo,4.838,0.092,0.454,17,0.321,presentaciones-oratoria,0.8910,semantic-set:breve|paronym-of:grave,false
saldo,sustantivo,3.825,0.259,0.481,5,0.739,,0.8909,semantic-set:saldo|paronym-of:sala|paronym-of:alto,false
confidencial,adjetivo,4.118,0.182,0.377,247,0.546,conversacion-cotidiana,0.8909,semantic-set:confi,false
correctivo,adjetivo,3.940,0.336,0.339,280,0.931,liderazgo-feedback,0.8908,semantic-set:corre|paronym-of:colectivo,false
fabricación,sustantivo,4.712,0.196,0.387,63,0.580,,0.8907,semantic-set:fabri,false
reconocer,verbo,5.494,0.065,0.493,297,0.401,,0.8906,semantic-set:recon,false
virtud,sustantivo,4.876,0.227,0.432,61,0.654,entrevistas,0.8906,semantic-set:virtu,false
suscribir,verbo,4.278,0.223,0.411,50,0.644,presentaciones-oratoria,0.8902,semantic-set:suscr|paronym-of:escribir,false
despectivo,adjetivo,3.180,0.328,0.674,206,0.905,,0.8902,semantic-set:despe,false
brindar,verbo,5.421,0.128,0.464,53,0.462,,0.8901,semantic-set:brind,false
escaso,adjetivo,3.980,0.170,0.543,15,0.508,negociacion,0.8901,semantic-set:escas|paronym-of:escala,false
buzón,sustantivo,3.854,0.284,0.340,3,0.959,correos-mensajes,0.8901,semantic-set:buzon,false
fábrica,sustantivo,4.130,0.146,0.524,63,0.446,,0.8898,semantic-set:fabri,false
desocupación,sustantivo,3.587,0.329,0.482,13,0.905,,0.8898,semantic-set:desoc,false
borrar,verbo,4.422,0.166,0.481,55,0.496,correos-mensajes,0.8897,semantic-set:borra|paronym-of:borra|paronym-of:correr|paronym-of:lograr,false
canonizar,verbo,3.198,0.351,0.437,27,0.957,,0.8896,semantic-set:canon|paronym-of:canalizar,false
igualdad,sustantivo,4.793,0.120,0.543,44,0.379,,0.8895,semantic-set:igual,false
carta,sustantivo,4.633,0.119,0.487,37,0.376,correos-mensajes,0.8894,semantic-set:carta|paronym-of:caja|paronym-of:cuota|paronym-of:cerca,false
común,adjetivo,5.384,0.051,0.508,323,0.234,,0.8894,semantic-set:comun,false
diagonal,adjetivo,3.800,0.328,0.559,8,0.899,,0.8894,semantic-set:diago,false
propuesta,sustantivo,5.496,0.097,0.490,46,0.472,,0.8893,semantic-set:propu,false
calibración,sustantivo,3.628,0.353,0.284,16,0.959,,0.8892,semantic-set:calib,false
mediana,sustantivo,4.538,0.135,0.427,143,0.413,,0.8891,semantic-set:media|paronym-of:mediante,false
tierno,adjetivo,3.830,0.256,0.531,9,0.716,correos-mensajes,0.8891,semantic-set:tiern,false
rebasar,verbo,3.863,0.275,0.502,10,0.762,decir-que-no,0.8890,semantic-set:rebas|paronym-of:revisar|paronym-of:recabar,false
servidor,sustantivo,4.608,0.191,0.317,327,0.551,correos-mensajes,0.8889,semantic-set:servi,false
perdurable,adjetivo,3.346,0.285,0.438,12,0.787,,0.8889,semantic-set:perdu,false
ministro,sustantivo,4.685,0.206,0.630,62,0.587,reuniones,0.8886,semantic-set:minis,false
confiable,adjetivo,4.448,0.130,0.388,247,0.397,,0.8886,semantic-set:confi,false
cliente,sustantivo,5.323,0.224,0.282,93,0.632,,0.8885,semantic-set:clien,false
guardar,verbo,5.020,0.079,0.438,142,0.266,decir-que-no,0.8884,semantic-set:guard,false
mitigación,sustantivo,4.019,0.294,0.469,18,0.805,,0.8883,semantic-set:mitig|paronym-of:motivación|paronym-of:litigación,false
desestabilización,sustantivo,3.353,0.335,0.631,103,0.907,conversacion-cotidiana,0.8883,semantic-set:deses,false
diseminación,sustantivo,3.411,0.330,0.412,12,0.893,,0.8882,semantic-set:disem,false
normalización,sustantivo,3.955,0.180,0.448,97,0.517,,0.8881,semantic-set:norma,false
continuidad,sustantivo,4.612,0.127,0.530,151,0.385,decir-que-no,0.8880,semantic-set:conti,false
fundamental,adjetivo,5.302,0.108,0.467,198,0.335,,0.8878,semantic-set:funda|paronym-of:fundamentar,false
operación,sustantivo,5.102,0.128,0.529,111,0.386,,0.8878,semantic-set:opera|paronym-of:moderación,false
levantamiento,sustantivo,4.336,0.154,0.545,68,0.449,reuniones,0.8876,semantic-set:levan,false
riesgo,sustantivo,5.518,0.096,0.489,33,0.490,,0.8876,semantic-set:riesg|paronym-of:griego,false
cancelar,verbo,4.872,0.229,0.514,69,0.634,correos-mensajes,0.8875,semantic-set:cance|paronym-of:calcular,false
alternativa,sustantivo,5.095,0.104,0.431,108,0.321,,0.8875,semantic-set:alter,false
especificar,verbo,5.090,0.081,0.463,340,0.265,,0.8874,semantic-set:espec,false
agilidad,sustantivo,3.950,0.176,0.490,20,0.500,,0.8873,semantic-set:agili|paronym-of:agilizar|paronym-of:utilidad|paronym-of:facilidad,false
esfera,sustantivo,4.375,0.247,0.507,16,0.677,,0.8872,semantic-set:esfer|paronym-of:esmerar,false
cumplimiento,sustantivo,5.152,0.152,0.398,90,0.439,liderazgo-feedback,0.8872,semantic-set:cumpl,false
laborar,verbo,4.685,0.189,0.444,135,0.532,decir-que-no,0.8870,semantic-set:labor|paronym-of:valorar|paronym-of:abordar|paronym-of:laboral,false
laboriosidad,sustantivo,3.141,0.304,0.437,135,0.819,,0.8870,semantic-set:labor,false
regulatorio,adjetivo,3.791,0.206,0.510,76,0.574,redaccion-ejecutiva,0.8870,semantic-set:regul,false
inventariar,verbo,4.477,0.160,0.426,83,0.457,,0.8869,semantic-set:inven|paronym-of:inventario,false
aduana,sustantivo,4.143,0.218,0.476,30,0.601,,0.8869,semantic-set:aduan,false
supervisión,sustantivo,4.631,0.181,0.395,789,0.511,,0.8869,semantic-set:super,false
estabilidad,sustantivo,4.736,0.110,0.522,133,0.333,negociacion,0.8868,semantic-set:estab|paronym-of:rentabilidad,false
consumo,sustantivo,3.714,0.352,0.455,276,0.937,reuniones,0.8868,semantic-set:consu,false
remodelación,sustantivo,4.241,0.186,0.569,24,0.520,,0.8867,semantic-set:remod,false
petición,sustantivo,4.820,0.194,0.521,17,0.541,,0.8867,semantic-set:petic|paronym-of:medición,false
oficio,sustantivo,4.242,0.195,0.508,107,0.541,entrevistas,0.8864,semantic-set:ofici|paronym-of:juicio|paronym-of:oficina,false
flujo,sustantivo,4.749,0.103,0.475,5,0.309,,0.8862,semantic-set:flujo|paronym-of:fijo|paronym-of:brujo,false
sonreír,verbo,3.743,0.272,0.463,15,0.731,conversaciones-dificiles,0.8861,semantic-set:sonre|paronym-of:sondear,false
innovador,adjetivo,4.590,0.143,0.409,89,0.408,,0.8859,semantic-set:innov,false
eventual,adjetivo,4.365,0.158,0.520,96,0.444,reuniones,0.8859,semantic-set:event,false
prestación,sustantivo,4.849,0.235,0.404,125,0.635,,0.8857,semantic-set:prest|paronym-of:presunción,false
fortaleza,sustantivo,4.645,0.129,0.532,58,0.368,correos-mensajes,0.8856,semantic-set:forta,false
perforación,sustantivo,4.014,0.154,0.481,47,0.432,liderazgo-feedback,0.8856,semantic-set:perfo,false
potencial,sustantivo,5.019,0.063,0.478,67,0.201,,0.8854,semantic-set:poten,false
coordinación,sustantivo,5.006,0.162,0.497,56,0.449,reuniones,0.8853,semantic-set:coord,false
basura,sustantivo,4.661,0.114,0.482,27,0.329,correos-mensajes,0.8853,semantic-set:basur|paronym-of:basar|paronym-of:bañera,false
recargo,sustantivo,3.447,0.288,0.384,31,0.760,,0.8850,semantic-set:recar,false
creador,adjetivo,4.644,0.172,0.481,11,0.471,,0.8849,semantic-set:cread,false
prevalecer,verbo,4.086,0.182,0.501,39,0.497,,0.8849,semantic-set:preva,false
transformación,sustantivo,4.844,0.119,0.509,981,0.338,,0.8848,semantic-set:trans,false
difuso,adjetivo,3.421,0.342,0.493,21,0.896,,0.8848,semantic-set:difus,false
cáncer,sustantivo,5.079,0.154,0.517,69,0.424,,0.8848,semantic-set:cance|paronym-of:vencer,false
oficialmente,adverbio,4.499,0.164,0.615,107,0.447,reuniones,0.8844,semantic-set:ofici,false
aducir,verbo,3.830,0.383,0.503,9,0.993,,0.8843,semantic-set:aduci|paronym-of:asumir|paronym-of:inducir|paronym-of:reducir,false
pupilar,adjetivo,3.447,0.293,0.500,6,0.768,,0.8843,semantic-set:pupil|paronym-of:depilar,false
extensión,sustantivo,4.962,0.128,0.476,92,0.356,,0.8843,semantic-set:exten|paronym-of:expansión,false
objetivar,verbo,5.571,0.090,0.467,67,0.544,,0.8842,semantic-set:objet|paronym-of:objetivo,false
profundo,adjetivo,4.775,0.116,0.463,61,0.324,conversaciones-dificiles,0.8841,semantic-set:profu,false
ficha,sustantivo,4.007,0.163,0.396,10,0.442,,0.8841,semantic-set:ficha|paronym-of:dicha|paronym-of:finca|paronym-of:fichar,false
entrevistador,sustantivo,3.686,0.337,0.482,390,0.876,,0.8841,semantic-set:entre,false
factibilidad,sustantivo,3.979,0.219,0.288,14,0.581,reuniones,0.8840,semantic-set:facti,false
concreto,adjetivo,4.228,0.102,0.394,53,0.289,persuasion-storytelling,0.8840,semantic-set:concr|paronym-of:concepto|paronym-of:contrato|paronym-of:concretar,false
borrador,adjetivo,3.967,0.185,0.508,55,0.495,,0.8840,semantic-set:borra,false
votar,verbo,5.253,0.161,0.614,19,0.435,decir-que-no,0.8838,semantic-set:votar|paronym-of:rotar|paronym-of:rogar|paronym-of:notar,false
difusión,sustantivo,4.736,0.194,0.452,21,0.516,,0.8837,semantic-set:difus|paronym-of:discusión,false
ascenso,sustantivo,4.473,0.169,0.615,48,0.454,entrevistas,0.8837,semantic-set:ascen|paronym-of:descenso,false
impuesto,adjetivo,4.940,0.137,0.534,18,0.372,,0.8837,semantic-set:impue|paronym-of:expuesto,false
reubicación,sustantivo,3.695,0.285,0.663,14,0.743,,0.8836,semantic-set:reubi,false
capacitar,verbo,4.729,0.138,0.370,105,0.375,,0.8836,semantic-set:capac,false
cotización,sustantivo,4.508,0.229,0.435,37,0.603,negociacion,0.8835,semantic-set:cotiz|paronym-of:motivación,false
mejorar,verbo,5.624,0.093,0.471,87,0.658,,0.8835,semantic-set:mejor|paronym-of:mejora|paronym-of:decorar,false
prevenir,verbo,4.794,0.112,0.503,98,0.308,,0.8833,semantic-set:preve|paronym-of:predecir,false
generalizar,verbo,4.322,0.125,0.527,265,0.340,correos-mensajes,0.8833,semantic-set:gener,false
positivamente,adverbio,4.049,0.122,0.476,36,0.331,,0.8833,semantic-set:posit,false
aumentar,verbo,5.599,0.068,0.537,34,0.538,negociacion,0.8833,semantic-set:aumen|paronym-of:fomentar,false
dragar,verbo,3.666,0.345,0.438,11,0.888,,0.8831,semantic-set:draga|paronym-of:rogar|paronym-of:radar|paronym-of:trazar,false
térmica,sustantivo,4.124,0.182,0.446,85,0.477,negociacion,0.8827,semantic-set:termi|paronym-of:término,false
jabón,sustantivo,4.140,0.148,0.378,13,0.391,,0.8826,semantic-set:jabon,false
mejora,sustantivo,4.636,0.135,0.516,87,0.359,,0.8826,semantic-set:mejor|paronym-of:demora|paronym-of:mejorar,false
avanzar,verbo,5.276,0.075,0.540,35,0.210,,0.8826,semantic-set:avanz|paronym-of:avalar|paronym-of:avaluar|paronym-of:afianzar,false
privacidad,sustantivo,4.619,0.231,0.361,142,0.598,paronimos,0.8825,semantic-set:priva|paronym-of:rivalidad,false
confinar,verbo,3.568,0.369,0.586,247,0.942,,0.8824,semantic-set:confi|paronym-of:confirmar|paronym-of:continuar,false
integrante,adjetivo,4.422,0.233,0.497,151,0.602,reuniones,0.8823,semantic-set:integ,false
anotar,verbo,4.808,0.193,0.629,30,0.502,reuniones,0.8822,semantic-set:anota|paronym-of:rotar|paronym-of:votar|paronym-of:notar,false
femenino,adjetivo,4.841,0.167,0.376,24,0.436,,0.8822,semantic-set:femen,false
debatir,verbo,5.089,0.118,0.510,39,0.314,presentaciones-oratoria,0.8822,semantic-set:debat,false
quinteto,sustantivo,3.503,0.300,0.505,61,0.767,reuniones,0.8820,semantic-set:quint,false
solicitud,sustantivo,5.322,0.194,0.378,84,0.503,,0.8820,semantic-set:solic|paronym-of:solicitar,false
autor,sustantivo,5.393,0.181,0.467,264,0.503,,0.8819,semantic-set:autor|paronym-of:alto|paronym-of:factor,false
desayuno,sustantivo,3.777,0.358,0.352,14,0.910,conversacion-cotidiana,0.8819,semantic-set:desay,false
prudencial,adjetivo,3.320,0.302,0.456,11,0.770,redaccion-ejecutiva,0.8818,semantic-set:prude,false
notar,verbo,5.258,0.116,0.472,36,0.304,correos-mensajes,0.8818,semantic-set:notar|paronym-of:nota|paronym-of:rotar|paronym-of:rogar,false
regularizar,verbo,3.689,0.295,0.481,76,0.753,,0.8817,semantic-set:regul,false
reparación,sustantivo,4.938,0.149,0.409,107,0.384,liderazgo-feedback,0.8815,semantic-set:repar,false
bélgica,adjetivo,4.121,0.178,0.517,10,0.457,,0.8814,semantic-set:belgi,false
higiénico,adjetivo,3.871,0.192,0.446,21,0.492,,0.8813,semantic-set:higie,false
suspender,verbo,4.770,0.137,0.557,51,0.352,,0.8812,semantic-set:suspe,false
bienestar,sustantivo,4.967,0.126,0.480,25,0.325,,0.8812,semantic-set:biene,false
detección,sustantivo,4.430,0.141,0.460,50,0.361,,0.8811,semantic-set:detec|paronym-of:elección|paronym-of:dirección,false
contrato,sustantivo,4.816,0.157,0.486,795,0.402,negociacion,0.8811,semantic-set:contr|paronym-of:contacto|paronym-of:concreto|paronym-of:contraer,false
financiamiento,sustantivo,4.872,0.173,0.443,172,0.440,,0.8808,semantic-set:finan,false
optimar,verbo,4.522,0.134,0.337,52,0.341,,0.8806,semantic-set:optim|paronym-of:estimar|paronym-of:intimar,false
brotar,verbo,4.237,0.204,0.488,7,0.514,,0.8804,semantic-set:brota|paronym-of:rotar|paronym-of:rogar|paronym-of:votar,false
necesidad,sustantivo,5.641,0.049,0.384,96,0.560,,0.8803,semantic-set:neces,false
directivo,adjetivo,4.562,0.193,0.451,151,0.485,reuniones,0.8802,semantic-set:direc,false
táctica,sustantivo,4.149,0.136,0.659,11,0.342,,0.8802,semantic-set:tacti|paronym-of:práctica,false
milenio,sustantivo,4.238,0.145,0.355,25,0.361,liderazgo-feedback,0.8799,semantic-set:milen,false
optimista,adjetivo,4.249,0.134,0.543,52,0.334,,0.8799,semantic-set:optim,false
manutención,sustantivo,3.698,0.258,0.366,3,0.810,,0.8798,semantic-set:manut|paronym-of:mantención,false
temática,sustantivo,4.754,0.206,0.480,18,0.513,,0.8798,semantic-set:temat,false
arrobar,verbo,3.039,0.390,0.359,6,0.973,correos-mensajes,0.8798,semantic-set:arrob|paronym-of:arrojar,false
significativamente,adverbio,4.240,0.152,0.564,44,0.377,,0.8797,semantic-set:signi,false
disculpar,verbo,4.192,0.181,0.593,90,0.448,decir-que-no,0.8796,semantic-set:discu,false
documental,adjetivo,4.761,0.144,0.491,94,0.357,,0.8795,semantic-set:docum|paronym-of:documentar,false
conveniente,adjetivo,4.619,0.087,0.353,267,0.213,,0.8795,semantic-set:conve|paronym-of:convincente,false
sumar,verbo,5.409,0.104,0.575,31,0.304,reuniones,0.8795,semantic-set:sumar|paronym-of:sacar|paronym-of:remar|paronym-of:fumar,false
interrelación,sustantivo,3.657,0.331,0.316,2055,0.823,,0.8794,semantic-set:inter|paronym-of:interpretación,false
proposición,sustantivo,3.945,0.311,0.526,133,0.772,negociacion,0.8794,semantic-set:propo|paronym-of:reposición,false
concesión,sustantivo,4.644,0.189,0.552,282,0.467,negociacion,0.8793,semantic-set:conce,false
crucero,sustantivo,4.330,0.172,0.445,27,0.424,,0.8791,semantic-set:cruce,false
suministrar,verbo,4.855,0.189,0.460,34,0.465,,0.8791,semantic-set:sumin|paronym-of:suministro|paronym-of:administrar,false
estético,adjetivo,4.171,0.149,0.406,23,0.364,,0.8791,semantic-set:estet,false
ambicioso,adjetivo,4.067,0.111,0.494,9,0.269,liderazgo-feedback,0.8790,semantic-set:ambic,false
interrupción,sustantivo,4.203,0.144,0.537,2055,0.351,,0.8790,semantic-set:inter,false
reporte,sustantivo,4.465,0.167,0.497,74,0.407,redaccion-ejecutiva,0.8789,semantic-set:repor|paronym-of:soporte|paronym-of:reportar,false
tacto,sustantivo,3.848,0.160,0.407,2,0.722,paronimos,0.8788,semantic-set:tacto|paronym-of:alto,false
productora,sustantivo,4.385,0.086,0.526,358,0.204,conversacion-cotidiana,0.8788,semantic-set:produ,false
pareja,sustantivo,5.280,0.131,0.554,28,0.317,paronimos,0.8786,semantic-set:parej|paronym-of:paleta,false
destrabar,verbo,3.327,0.366,0.522,108,0.901,,0.8784,semantic-set:destr,false
manejar,verbo,5.520,0.112,0.401,40,0.456,,0.8784,semantic-set:manej|paronym-of:mandar,false
exterior,adjetivo,5.265,0.096,0.493,104,0.226,,0.8783,semantic-set:exter|paronym-of:externo,false
exportable,adjetivo,3.618,0.350,0.437,75,0.861,persuasion-storytelling,0.8783,semantic-set:expor,false
adaptación,sustantivo,4.604,0.175,0.471,57,0.423,,0.8783,semantic-set:adapt|paronym-of:aceptación,false
necesario,adjetivo,5.584,0.061,0.410,96,0.447,,0.8783,semantic-set:neces,false
informalidad,sustantivo,3.735,0.338,0.536,330,0.830,,0.8782,semantic-set:infor,false
dedicación,sustantivo,4.454,0.104,0.470,59,0.246,elogio-reconocimiento,0.8782,semantic-set:dedic|paronym-of:mediación,false
casual,adjetivo,4.149,0.143,0.486,15,0.342,decir-que-no,0.8782,semantic-set:casua|paronym-of:manual|paronym-of:causal,false
depilar,verbo,3.087,0.372,0.251,15,0.913,paronimos,0.8781,semantic-set:depil|paronym-of:derivar|paronym-of:pupilar|paronym-of:desfilar,false
opción,sustantivo,5.498,0.118,0.460,28,0.433,,0.8781,semantic-set:opcio|paronym-of:opinión,false
acreditación,sustantivo,4.490,0.221,0.343,42,0.536,,0.8781,semantic-set:acred,false
ajuste,sustantivo,4.466,0.157,0.504,52,0.377,correos-mensajes,0.8781,semantic-set:ajust,false
estilista,sustantivo,3.709,0.354,0.503,52,0.867,liderazgo-feedback,0.8779,semantic-set:estil,false
reclamo,sustantivo,4.356,0.230,0.468,68,0.556,decir-que-no,0.8777,semantic-set:recla|paronym-of:relato,false
ventilar,verbo,3.844,0.291,0.488,40,0.707,entrevistas,0.8775,semantic-set:venti,false
amenaza,sustantivo,4.617,0.160,0.588,41,0.378,,0.8774,semantic-set:amena,false
consultar,verbo,5.373,0.139,0.386,276,0.348,,0.8774,semantic-set:consu|paronym-of:consolar|paronym-of:consulta|paronym-of:consultor,false
negocio,sustantivo,5.306,0.145,0.431,149,0.341,,0.8773,semantic-set:negoc|paronym-of:negociar,false
restablecimiento,sustantivo,3.770,0.307,0.639,135,0.745,,0.8773,semantic-set:resta|paronym-of:establecimiento,false
bautizo,sustantivo,3.365,0.396,0.388,35,0.966,reuniones,0.8772,semantic-set:bauti,false
mentalidad,sustantivo,4.137,0.102,0.445,45,0.230,,0.8769,semantic-set:menta|paronym-of:letalidad,false
aptitud,sustantivo,3.961,0.214,0.417,6,0.510,,0.8769,semantic-set:aptit|paronym-of:actitud,false
rubricar,verbo,3.675,0.306,0.497,9,0.740,reuniones,0.8769,semantic-set:rubri|paronym-of:reubicar,false
paradero,sustantivo,4.025,0.188,0.684,62,0.443,,0.8767,semantic-set:parad|paronym-of:paralelo,false
sostenible,adjetivo,4.889,0.204,0.499,78,0.482,liderazgo-feedback,0.8766,semantic-set:soste,false
cambio,sustantivo,5.358,0.096,0.488,107,0.223,liderazgo-feedback,0.8764,semantic-set:cambi,false
ansioso,adjetivo,3.830,0.190,0.518,11,0.445,,0.8764,semantic-set:ansio,false
difícil,adjetivo,5.347,0.073,0.525,56,0.161,,0.8764,semantic-set:dific,false
diseño,sustantivo,4.573,0.159,0.435,47,0.366,,0.8761,semantic-set:diseñ,false
fijar,verbo,5.099,0.142,0.450,16,0.322,persuasion-storytelling,0.8760,semantic-set:fijar|paronym-of:fijo|paronym-of:fumar|paronym-of:afinar,false
bioética,sustantivo,3.753,0.399,0.365,10,0.964,reuniones,0.8760,semantic-set:bioet,false
radicar,verbo,4.597,0.224,0.477,44,0.524,,0.8757,semantic-set:radic|paronym-of:radical,false
satelital,adjetivo,3.917,0.179,0.380,12,0.409,decir-que-no,0.8753,semantic-set:satel,false
suturar,verbo,3.293,0.306,0.342,5,0.724,reuniones,0.8752,semantic-set:sutur|paronym-of:situar,false
textual,adjetivo,3.678,0.302,0.469,21,0.716,,0.8752,semantic-set:textu|paronym-of:sexual,false
estrechar,verbo,4.585,0.106,0.513,170,0.225,liderazgo-feedback,0.8752,semantic-set:estre,false
estipular,verbo,4.279,0.178,0.521,14,0.404,persuasion-storytelling,0.8750,semantic-set:estip,false
influir,verbo,4.193,0.193,0.553,54,0.441,,0.8750,semantic-set:influ,false
intercambiar,verbo,5.056,0.136,0.426,2055,0.297,,0.8747,semantic-set:inter,false
informe,adjetivo,4.917,0.096,0.476,330,0.195,,0.8747,semantic-set:infor|paronym-of:informal,false
competitividad,sustantivo,4.635,0.203,0.365,158,0.464,,0.8746,semantic-set:compe,false
piloto,sustantivo,4.310,0.218,0.543,25,0.498,,0.8745,semantic-set:pilot|paronym-of:pilotar,false
aprendizaje,sustantivo,5.121,0.178,0.384,100,0.398,presentaciones-oratoria,0.8744,semantic-set:apren,false
líder,sustantivo,5.408,0.096,0.561,70,0.240,,0.8743,semantic-set:lider,false
ilustración,sustantivo,4.254,0.203,0.445,33,0.459,,0.8741,semantic-set:ilust,false
urbanístico,adjetivo,3.666,0.304,0.522,72,0.709,conversacion-cotidiana,0.8740,semantic-set:urban,false
compartir,verbo,5.440,0.071,0.468,372,0.206,,0.8740,semantic-set:compa|paronym-of:competir,false
complicar,verbo,4.838,0.113,0.571,272,0.231,,0.8739,semantic-set:compl|paronym-of:implicar,false
reportar,verbo,5.135,0.167,0.589,74,0.367,negociacion,0.8739,semantic-set:repor|paronym-of:aportar|paronym-of:reporte|paronym-of:recortar,false
depósito,sustantivo,4.444,0.122,0.484,47,0.253,,0.8739,semantic-set:depos,false
delirante,adjetivo,3.300,0.387,0.482,7,0.916,,0.8738,semantic-set:delir,false
prioritario,adjetivo,4.081,0.156,0.420,34,0.339,liderazgo-feedback,0.8738,semantic-set:prior,false
administrador,sustantivo,4.839,0.188,0.392,240,0.419,,0.8738,semantic-set:admin,false
programa,sustantivo,5.441,0.118,0.410,219,0.323,conversacion-cotidiana,0.8737,semantic-set:progr,false
requerir,verbo,4.654,0.179,0.438,57,0.394,correos-mensajes,0.8736,semantic-set:reque,false
individual,adjetivo,5.040,0.111,0.443,50,0.223,presentaciones-oratoria,0.8736,semantic-set:indiv,false
licenciamiento,sustantivo,3.307,0.349,0.157,60,0.817,,0.8734,semantic-set:licen,false
verter,verbo,4.223,0.163,0.396,29,0.352,persuasion-storytelling,0.8734,semantic-set:verte|paronym-of:vencer,false
integración,sustantivo,4.991,0.121,0.412,151,0.248,,0.8733,semantic-set:integ|paronym-of:inmigración,false
idoneidad,sustantivo,3.819,0.359,0.527,6,0.842,presentaciones-oratoria,0.8733,semantic-set:idone,false
contestar,verbo,4.779,0.216,0.476,262,0.483,,0.8732,semantic-set:conte,false
gravar,verbo,4.923,0.077,0.548,20,0.137,,0.8732,semantic-set:grava|paronym-of:grave|paronym-of:radar|paronym-of:trazar,false
fundamentar,verbo,4.772,0.231,0.440,198,0.520,,0.8731,semantic-set:funda|paronym-of:fundamental,false
subsanar,verbo,3.865,0.314,0.519,20,0.727,,0.8731,semantic-set:subsa|paronym-of:subrayar,false
hospedaje,sustantivo,4.245,0.255,0.337,36,0.580,negociacion,0.8730,semantic-set:hospe|paronym-of:hospedar,false
contraer,verbo,4.281,0.130,0.508,795,0.267,,0.8730,semantic-set:contr|paronym-of:contrato|paronym-of:contrata|paronym-of:contener,false
transportista,adjetivo,3.594,0.308,0.316,981,0.712,,0.8730,semantic-set:trans,false
acertar,verbo,4.150,0.126,0.481,21,0.256,,0.8729,semantic-set:acert|paronym-of:aportar|paronym-of:afectar|paronym-of:acercar,false
disputa,sustantivo,3.777,0.194,0.582,45,0.425,,0.8728,semantic-set:dispu,false
deuda,sustantivo,5.101,0.121,0.546,9,0.241,,0.8728,semantic-set:deuda|paronym-of:duda|paronym-of:adenda,false
liderato,sustantivo,3.882,0.351,0.666,70,0.816,reuniones,0.8728,semantic-set:lider|paronym-of:liderar|paronym-of:liderazgo,false
absolver,verbo,3.223,0.424,0.251,38,1.000,reuniones,0.8727,semantic-set:absol|paronym-of:resolver,false
desastre,sustantivo,4.489,0.290,0.551,42,0.663,,0.8724,semantic-set:desas,false
bolsa,sustantivo,4.986,0.139,0.448,19,0.285,entrevistas,0.8724,semantic-set:bolsa|paronym-of:bala|paronym-of:falsa|paronym-of:borra,false
chance,sustantivo,4.070,0.406,0.624,59,0.952,liderazgo-feedback,0.8724,semantic-set:chanc,false
graduación,sustantivo,4.314,0.227,0.477,65,0.505,,0.8723,semantic-set:gradu|paronym-of:grabación,false
factor,sustantivo,4.803,0.110,0.470,27,0.212,,0.8723,semantic-set:facto|paronym-of:favor|paronym-of:autor,false
contribución,sustantivo,4.722,0.178,0.486,795,0.381,liderazgo-feedback,0.8723,semantic-set:contr,false
vulnerable,adjetivo,4.088,0.154,0.577,28,0.319,,0.8721,semantic-set:vulne,false
sospechoso,adjetivo,4.477,0.258,0.691,25,0.579,,0.8721,semantic-set:sospe,false
adicción,sustantivo,4.298,0.222,0.502,5,0.488,,0.8721,semantic-set:adicc|paronym-of:adición|paronym-of:adopción,false
solventar,verbo,4.120,0.237,0.508,22,0.525,entrevistas,0.8720,semantic-set:solve,false
profesionalización,sustantivo,3.730,0.336,0.653,235,0.774,,0.8720,semantic-set:profe,false
pública,sustantivo,5.281,0.140,0.495,444,0.283,entrevistas,0.8719,semantic-set:publi,false
tercero,adjetivo,5.028,0.159,0.431,31,0.329,,0.8719,semantic-set:terce,false
concesionario,adjetivo,4.128,0.256,0.445,282,0.573,negociacion,0.8718,semantic-set:conce,false
gerente,sustantivo,5.120,0.201,0.460,43,0.432,,0.8716,semantic-set:geren,false
financiación,sustantivo,4.432,0.295,0.532,172,0.665,,0.8712,semantic-set:finan,false
monitorear,verbo,4.763,0.164,0.450,37,0.336,liderazgo-feedback,0.8711,semantic-set:monit,false
divulgar,verbo,4.337,0.172,0.495,26,0.356,,0.8711,semantic-set:divul,false
evaluación,sustantivo,5.331,0.166,0.374,63,0.344,liderazgo-feedback,0.8710,semantic-set:evalu|paronym-of:evacuación,false
referenciar,verbo,5.128,0.087,0.495,87,0.143,negociacion,0.8710,semantic-set:refer|paronym-of:diferenciar,false
estable,adjetivo,4.648,0.118,0.514,133,0.218,paronimos,0.8708,semantic-set:estab|paronym-of:rentable,false
rentable,adjetivo,4.340,0.184,0.405,50,0.382,,0.8708,semantic-set:renta|paronym-of:estable|paronym-of:renovable,false
vinculación,sustantivo,4.424,0.274,0.503,45,0.606,,0.8706,semantic-set:vincu|paronym-of:incubación,false
inocuidad,sustantivo,3.795,0.251,0.310,16,0.550,,0.8706,semantic-set:inocu,false
igualmente,adverbio,5.002,0.291,0.472,44,0.648,,0.8706,semantic-set:igual|paronym-of:anualmente,false
agregar,verbo,5.595,0.147,0.566,69,0.620,,0.8706,semantic-set:agreg|paronym-of:bregar|paronym-of:agrupar|paronym-of:arreglar,false
reproductivo,adjetivo,3.365,0.331,0.434,117,0.749,,0.8705,semantic-set:repro,false
informante,adjetivo,3.767,0.196,0.651,330,0.410,,0.8705,semantic-set:infor,false
ejecución,sustantivo,5.138,0.180,0.477,103,0.370,,0.8705,semantic-set:ejecu|paronym-of:elección,false
hipoteca,sustantivo,3.654,0.370,0.514,53,0.847,correos-mensajes,0.8704,semantic-set:hipot,false
hospitalario,adjetivo,4.150,0.204,0.502,62,0.431,,0.8704,semantic-set:hospi,false
paralelo,adjetivo,4.296,0.122,0.518,79,0.224,conversacion-cotidiana,0.8704,semantic-set:paral|paronym-of:paradero,false
enajenación,sustantivo,3.628,0.384,0.426,8,0.880,reuniones,0.8703,semantic-set:enaje,false
competitivo,adjetivo,4.505,0.114,0.406,158,0.203,negociacion,0.8702,semantic-set:compe,false
procesador,sustantivo,4.257,0.165,0.497,173,0.330,,0.8701,semantic-set:proce|paronym-of:procurador,false
corrupción,sustantivo,4.995,0.275,0.641,53,0.604,,0.8701,semantic-set:corru|paronym-of:corrección,false
presuntamente,adverbio,4.104,0.183,0.747,124,0.374,paronimos,0.8699,semantic-set:presu,false
incapacidad,sustantivo,4.335,0.216,0.426,21,0.455,entrevistas,0.8699,semantic-set:incap,false
infraestructura,sustantivo,5.089,0.140,0.510,113,0.266,,0.8698,semantic-set:infra,false
formalizar,verbo,4.084,0.179,0.509,155,0.362,,0.8698,semantic-set:forma|paronym-of:normalizar,false
triple,adjetivo,3.541,0.320,0.512,24,0.712,reuniones,0.8694,semantic-set:tripl,false
manual,adjetivo,4.920,0.146,0.382,16,0.274,,0.8691,semantic-set:manua|paronym-of:casual|paronym-of:mandar|paronym-of:mutual,false
localidad,sustantivo,5.047,0.201,0.591,79,0.412,,0.8691,semantic-set:local|paronym-of:letalidad,false
reproducción,sustantivo,4.557,0.148,0.468,117,0.278,negociacion,0.8691,semantic-set:repro,false
polémico,adjetivo,4.026,0.215,0.731,13,0.445,reuniones,0.8690,semantic-set:polem,false
homologación,sustantivo,3.784,0.375,0.325,19,0.846,reuniones,0.8689,semantic-set:homol,false
abordaje,sustantivo,4.140,0.284,0.422,26,0.616,reuniones,0.8687,semantic-set:abord|paronym-of:abordar,false
documentar,verbo,5.306,0.116,0.439,94,0.196,,0.8686,semantic-set:docum|paronym-of:documental,false
borra,sustantivo,3.076,0.423,0.576,55,0.962,correos-mensajes,0.8686,semantic-set:borra|paronym-of:bolsa|paronym-of:borrar,false
nutritivo,adjetivo,3.797,0.238,0.402,126,0.499,,0.8685,semantic-set:nutri,false
bregar,verbo,3.421,0.356,0.515,3,0.961,elogio-reconocimiento,0.8684,semantic-set:brega|paronym-of:rogar|paronym-of:remar|paronym-of:dragar,false
redención,sustantivo,3.838,0.173,0.459,11,0.336,reuniones,0.8684,semantic-set:reden|paronym-of:reducción|paronym-of:recepción|paronym-of:prevención,false
rescisión,sustantivo,3.537,0.338,0.620,13,0.747,negociacion,0.8684,semantic-set:resci|paronym-of:revisión,false
asegurar,verbo,5.658,0.112,0.569,68,0.659,,0.8682,semantic-set:asegu|paronym-of:asesorar,false
pilotar,verbo,4.689,0.110,0.556,25,0.176,,0.8682,semantic-set:pilot|paronym-of:piloto,false
cognoscitivo,adjetivo,3.189,0.419,0.412,11,0.948,,0.8682,semantic-set:cogno,false
avisar,verbo,4.889,0.186,0.447,33,0.364,correos-mensajes,0.8680,semantic-set:avisa|paronym-of:avalar|paronym-of:afinar|paronym-of:revisar,false
establecimiento,sustantivo,5.004,0.114,0.466,133,0.183,,0.8678,semantic-set:estab|paronym-of:restablecimiento,false
pavimentación,sustantivo,3.730,0.356,0.534,13,0.788,,0.8678,semantic-set:pavim,false
mejoramiento,sustantivo,4.674,0.202,0.340,87,0.404,,0.8677,semantic-set:mejor,false
laboratorio,sustantivo,5.114,0.129,0.426,135,0.219,liderazgo-feedback,0.8675,semantic-set:labor,false
ingresar,verbo,5.514,0.123,0.501,95,0.380,decir-que-no,0.8671,semantic-set:ingre,false
abierto,adjetivo,5.109,0.073,0.490,21,0.076,correos-mensajes,0.8671,semantic-set:abier,false
mandar,verbo,4.764,0.153,0.486,85,0.273,correos-mensajes,0.8669,semantic-set:manda|paronym-of:malar|paronym-of:radar|paronym-of:manual,false
terapéutica,sustantivo,4.111,0.331,0.363,17,0.719,,0.8668,semantic-set:terap,false
especializar,verbo,5.021,0.155,0.392,340,0.276,,0.8667,semantic-set:espec,false
estructural,adjetivo,4.571,0.138,0.506,68,0.235,,0.8667,semantic-set:estru,false
deposición,sustantivo,3.516,0.409,0.526,47,0.912,,0.8667,semantic-set:depos|paronym-of:imposición|paronym-of:reposición|paronym-of:disposición,false
sometimiento,sustantivo,3.507,0.338,0.612,47,0.731,,0.8663,semantic-set:somet,false
entusiasta,adjetivo,4.014,0.123,0.464,22,0.193,,0.8663,semantic-set:entus,false
suspensivo,adjetivo,3.013,0.336,0.251,51,0.726,reuniones,0.8662,semantic-set:suspe,false
gustosamente,adverbio,3.248,0.386,0.111,17,0.849,,0.8661,semantic-set:gusto,false
facturar,verbo,4.605,0.109,0.407,35,0.157,,0.8661,semantic-set:factu,false
cuota,sustantivo,4.859,0.135,0.435,8,0.221,,0.8661,semantic-set:cuota|paronym-of:nota|paronym-of:multa|paronym-of:carta,false
verbal,adjetivo,4.258,0.094,0.509,19,0.119,presentaciones-oratoria,0.8660,semantic-set:verba|paronym-of:veraz,false
hostil,adjetivo,3.909,0.228,0.587,33,0.452,,0.8657,semantic-set:hosti|paronym-of:hostal|paronym-of:postal,false
externo,adjetivo,4.456,0.117,0.420,104,0.171,,0.8654,semantic-set:exter|paronym-of:entorno|paronym-of:interno|paronym-of:alterno,false
bipartidista,adjetivo,3.248,0.434,0.716,10,0.964,reuniones,0.8654,semantic-set:bipar,false
socialización,sustantivo,4.023,0.342,0.449,266,0.732,reuniones,0.8653,semantic-set:socia,false
profesionalidad,sustantivo,3.804,0.359,0.300,235,0.775,liderazgo-feedback,0.8653,semantic-set:profe,false
coordinador,adjetivo,4.961,0.177,0.499,56,0.319,,0.8653,semantic-set:coord,false
llamativo,adjetivo,4.035,0.170,0.569,90,0.301,,0.8652,semantic-set:llama,false
tortura,sustantivo,3.733,0.335,0.502,34,0.714,,0.8652,semantic-set:tortu,false
pastel,sustantivo,4.160,0.163,0.534,44,0.282,,0.8648,semantic-set:paste|paronym-of:postal,false
abastecimiento,sustantivo,4.304,0.185,0.454,40,0.337,reuniones,0.8648,semantic-set:abast,false
permanente,adjetivo,5.139,0.065,0.433,65,0.036,reuniones,0.8646,semantic-set:perma|paronym-of:pertinente,false
desahogar,verbo,3.457,0.415,0.522,17,0.910,,0.8646,semantic-set:desah,false
proveedor,adjetivo,4.477,0.175,0.333,97,0.309,correos-mensajes,0.8645,semantic-set:prove,false
mecanismo,sustantivo,4.780,0.150,0.503,65,0.245,,0.8645,semantic-set:mecan,false
abundante,adjetivo,4.368,0.124,0.420,19,0.180,,0.8645,semantic-set:abund,false
fiscalización,sustantivo,4.312,0.288,0.523,59,0.590,reuniones,0.8643,semantic-set:fisca,false
enlace,sustantivo,4.939,0.148,0.345,12,0.238,correos-mensajes,0.8643,semantic-set:enlac,false
malformación,sustantivo,3.278,0.378,0.515,7,0.812,,0.8642,semantic-set:malfo,false
refrigeración,sustantivo,4.070,0.193,0.390,45,0.349,liderazgo-feedback,0.8642,semantic-set:refri,false
sanitario,adjetivo,4.625,0.113,0.463,28,0.150,,0.8641,semantic-set:sanit,false
monto,sustantivo,4.158,0.263,0.466,27,0.526,presentaciones-oratoria,0.8641,semantic-set:monto|paronym-of:costo,false
diestro,adjetivo,3.537,0.413,0.604,8,0.898,correos-mensajes,0.8638,semantic-set:diest|paronym-of:dentro,false
conjunto,adjetivo,4.240,0.163,0.527,62,0.271,,0.8637,semantic-set:conju,false
excelente,adjetivo,5.424,0.188,0.350,47,0.394,negociacion,0.8637,semantic-set:excel,false
vacuna,sustantivo,4.236,0.156,0.483,35,0.254,,0.8636,semantic-set:vacun,false
escrito,sustantivo,5.311,0.138,0.387,136,0.209,,0.8636,semantic-set:escri|paronym-of:estrato,false
cooperación,sustantivo,5.102,0.180,0.473,120,0.313,negociacion,0.8635,semantic-set:coope,false
inminente,adjetivo,4.087,0.119,0.586,2,0.491,correos-mensajes,0.8634,semantic-set:inmin,false
fidelización,sustantivo,3.278,0.399,0.324,27,0.857,,0.8631,semantic-set:fidel,false
agenda,sustantivo,3.848,0.219,0.572,22,0.406,correos-mensajes,0.8631,semantic-set:agend|paronym-of:adenda,false
inagotable,adjetivo,3.507,0.191,0.286,1,0.836,persuasion-storytelling,0.8629,semantic-set:inago,false
cordial,sustantivo,4.081,0.197,0.337,25,0.349,decir-que-no,0.8629,semantic-set:cordi,false
maximizar,verbo,3.953,0.222,0.445,56,0.411,conversacion-cotidiana,0.8628,semantic-set:maxim|paronym-of:minimizar,false
sondear,verbo,4.007,0.215,0.556,13,0.395,negociacion,0.8628,semantic-set:sonde|paronym-of:sondeo|paronym-of:sonreír,false
grave,adjetivo,4.746,0.099,0.571,25,0.102,,0.8627,semantic-set:grave|paronym-of:breve|paronym-of:gravar,false
energético,adjetivo,4.452,0.103,0.443,87,0.112,negociacion,0.8627,semantic-set:energ,false
claro,adjetivo,4.350,0.097,0.448,24,0.095,matices-precision,0.8624,semantic-set:claro|paronym-of:largo|paronym-of:plano|paronym-of:cuarzo,false
largo,adjetivo,4.365,0.091,0.493,15,0.079,,0.8623,semantic-set:largo|paronym-of:pago|paronym-of:claro|paronym-of:largar,false
almacén,sustantivo,4.604,0.249,0.453,55,0.475,,0.8623,semantic-set:almac,false
editor,adjetivo,4.552,0.159,0.441,58,0.249,liderazgo-feedback,0.8622,semantic-set:edito|paronym-of:emitir|paronym-of:emisor|paronym-of:medidor,false
temer,verbo,5.681,0.095,0.478,21,0.619,,0.8621,semantic-set:temer|paronym-of:remar|paronym-of:tomar,false
indicador,adjetivo,4.394,0.181,0.441,101,0.302,reuniones,0.8619,semantic-set:indic,false
radar,sustantivo,4.040,0.181,0.615,6,0.301,liderazgo-feedback,0.8619,semantic-set:radar|paronym-of:rotar|paronym-of:sacar|paronym-of:malar,false
solución,sustantivo,5.460,0.086,0.388,49,0.166,conflicto-desacuerdo,0.8618,semantic-set:soluc,false
hormonal,adjetivo,3.858,0.161,0.426,12,0.251,,0.8617,semantic-set:hormo,false
actual,adjetivo,5.493,0.066,0.499,137,0.160,,0.8617,semantic-set:actua|paronym-of:mutual,false
directorio,adjetivo,4.641,0.221,0.306,151,0.399,,0.8616,semantic-set:direc,false
masculino,adjetivo,4.740,0.223,0.337,22,0.403,,0.8615,semantic-set:mascu,false
integridad,sustantivo,4.519,0.114,0.470,151,0.129,,0.8614,semantic-set:integ,false
plena,sustantivo,4.775,0.117,0.462,13,0.138,conversaciones-dificiles,0.8614,semantic-set:plena|paronym-of:plan|paronym-of:plano|paronym-of:viena,false
dispositivo,adjetivo,4.838,0.174,0.512,165,0.280,,0.8613,semantic-set:dispo,false
portal,sustantivo,5.018,0.131,0.403,186,0.172,,0.8612,semantic-set:porta|paronym-of:hostal|paronym-of:postal,false
aritmética,sustantivo,3.394,0.386,0.494,3,0.974,,0.8612,semantic-set:aritm,false
tabla,sustantivo,4.417,0.288,0.430,22,0.561,,0.8611,semantic-set:tabla|paronym-of:tasa|paronym-of:bala|paronym-of:sala,false
verificar,verbo,4.927,0.135,0.433,42,0.180,paronimos,0.8611,semantic-set:verif,false
navegación,sustantivo,4.570,0.163,0.423,53,0.250,,0.8611,semantic-set:naveg,false
altamente,adverbio,4.665,0.093,0.407,21,0.074,,0.8610,semantic-set:altam,false
favorable,adjetivo,4.684,0.124,0.574,73,0.152,,0.8610,semantic-set:favor,false
provisión,sustantivo,4.205,0.232,0.457,101,0.421,,0.8609,semantic-set:provi|paronym-of:revisión,false
arbitrar,verbo,4.338,0.232,0.598,29,0.422,,0.8609,semantic-set:arbit,false
débil,adjetivo,4.574,0.147,0.547,34,0.208,reuniones,0.8608,semantic-set:debil,false
anunciar,verbo,5.603,0.135,0.633,89,0.522,,0.8603,semantic-set:anunc,false
embarazo,sustantivo,3.850,0.161,0.467,100,0.238,,0.8602,semantic-set:embar,false
adjudicación,sustantivo,4.179,0.280,0.555,35,0.532,,0.8599,semantic-set:adjud,false
solidario,adjetivo,4.349,0.141,0.424,76,0.183,negociacion,0.8597,semantic-set:solid,false
cualidad,sustantivo,3.973,0.252,0.460,18,0.460,,0.8597,semantic-set:cuali|paronym-of:calidad|paronym-of:anualidad,false
conflicto,sustantivo,5.187,0.118,0.542,53,0.125,,0.8597,semantic-set:confl,false
subcontratación,sustantivo,3.286,0.359,0.379,63,0.729,negociacion,0.8597,semantic-set:subco,false
liquidez,sustantivo,4.077,0.201,0.527,49,0.331,,0.8595,semantic-set:liqui,false
donativo,sustantivo,3.689,0.424,0.412,20,0.890,,0.8595,semantic-set:donat,false
obligación,sustantivo,5.106,0.185,0.438,68,0.291,,0.8595,semantic-set:oblig,false
publicación,sustantivo,5.360,0.110,0.485,444,0.119,negociacion,0.8594,semantic-set:publi,false
caducidad,sustantivo,3.931,0.286,0.432,16,0.543,,0.8594,semantic-set:caduc,false
modular,verbo,4.659,0.164,0.342,22,0.237,,0.8592,semantic-set:modul,false
felicitación,sustantivo,3.791,0.250,0.437,73,0.450,elogio-reconocimiento,0.8589,semantic-set:felic,false
socializar,verbo,3.967,0.363,0.498,266,0.732,reuniones,0.8589,semantic-set:socia,false
certificación,sustantivo,4.854,0.202,0.347,76,0.328,reuniones,0.8587,semantic-set:certi|paronym-of:verificación,false
grupal,adjetivo,4.158,0.204,0.370,11,0.333,,0.8587,semantic-set:grupa,false
desfilar,verbo,4.493,0.158,0.576,24,0.217,,0.8587,semantic-set:desfi|paronym-of:depilar|paronym-of:perfilar,false
suministro,sustantivo,4.199,0.254,0.573,34,0.458,liderazgo-feedback,0.8587,semantic-set:sumin|paronym-of:suministrar,false
fehaciente,adjetivo,3.437,0.282,0.456,2,0.859,,0.8586,semantic-set:fehac,false
desgarrador,adjetivo,3.064,0.434,0.640,63,0.906,correos-mensajes,0.8586,semantic-set:desga,false
postear,verbo,3.804,0.385,0.674,84,0.782,correos-mensajes,0.8584,semantic-set:poste|paronym-of:postal,false
específico,adjetivo,4.668,0.098,0.409,340,0.064,liderazgo-feedback,0.8583,semantic-set:espec,false
planificación,sustantivo,4.912,0.186,0.421,74,0.284,,0.8583,semantic-set:plani|paronym-of:clasificación,false
irregular,adjetivo,4.339,0.152,0.610,12,0.198,,0.8582,semantic-set:irreg|paronym-of:arreglar,false
busca,sustantivo,4.500,0.305,0.162,87,0.581,,0.8582,semantic-set:busca,false
hidromasaje,sustantivo,3.452,0.412,0.242,277,0.847,,0.8580,semantic-set:hidro,false
convenio,sustantivo,4.498,0.195,0.445,267,0.303,negociacion,0.8580,semantic-set:conve,false
infidelidad,sustantivo,3.775,0.224,0.690,6,0.376,conversaciones-dificiles,0.8580,semantic-set:infid,false
seleccionar,verbo,5.226,0.167,0.404,101,0.233,conversacion-cotidiana,0.8579,semantic-set:selec,false
periodístico,adjetivo,4.004,0.198,0.550,98,0.310,conversacion-cotidiana,0.8578,semantic-set:perio,false
gravamen,sustantivo,3.875,0.230,0.389,20,0.390,decir-que-no,0.8578,semantic-set:grava,false
informal,adjetivo,4.386,0.131,0.548,330,0.142,reuniones,0.8578,semantic-set:infor|paronym-of:informe,false
comunitario,adjetivo,4.704,0.112,0.465,323,0.095,,0.8578,semantic-set:comun|paronym-of:comentario,false
verificación,sustantivo,4.463,0.209,0.498,42,0.337,correos-mensajes,0.8577,semantic-set:verif|paronym-of:certificación,false
autentificación,sustantivo,3.064,0.463,0.180,27,0.970,,0.8576,regional-only|semantic-set:auten,false
humana,sustantivo,5.167,0.098,0.459,197,0.058,negociacion,0.8576,semantic-set:human,false
logística,sustantivo,4.710,0.246,0.455,34,0.428,liderazgo-feedback,0.8576,semantic-set:logis|paronym-of:logístico,false
negativamente,adverbio,3.917,0.141,0.531,20,0.165,,0.8576,semantic-set:negat,false
psicológico,adjetivo,4.398,0.125,0.461,219,0.127,,0.8576,semantic-set:psico,false
anteceder,verbo,3.958,0.467,0.564,27,0.979,elogio-reconocimiento,0.8575,regional-only|semantic-set:antec,false
hidroeléctrico,adjetivo,3.457,0.414,0.369,277,0.848,,0.8575,semantic-set:hidro,false
parcialidad,sustantivo,3.466,0.392,0.522,23,0.790,,0.8574,semantic-set:parci,false
severo,adjetivo,4.173,0.134,0.518,28,0.146,,0.8573,semantic-set:sever,false
gabinete,sustantivo,4.593,0.183,0.585,8,0.268,liderazgo-feedback,0.8573,semantic-set:gabin,false
documentación,sustantivo,4.880,0.170,0.408,94,0.235,,0.8572,semantic-set:docum,false
corrección,sustantivo,4.474,0.267,0.416,280,0.476,,0.8572,semantic-set:corre|paronym-of:corrupción,false
seguimiento,sustantivo,4.996,0.153,0.402,74,0.192,,0.8571,semantic-set:segui,false
inclusivo,adjetivo,3.891,0.275,0.595,116,0.495,,0.8570,semantic-set:inclu,false
desplazamiento,sustantivo,4.388,0.179,0.463,81,0.255,conversacion-cotidiana,0.8569,semantic-set:despl,false
idéntico,adjetivo,3.924,0.153,0.551,100,0.191,entrevistas,0.8569,semantic-set:ident,false
claramente,adverbio,4.734,0.121,0.472,32,0.110,,0.8568,semantic-set:clara,false
didáctico,adjetivo,4.215,0.193,0.314,23,0.289,,0.8568,semantic-set:didac|paronym-of:didáctica,false
estratificación,sustantivo,3.109,0.423,0.338,151,0.865,,0.8568,semantic-set:estra,false
innovación,sustantivo,5.078,0.174,0.436,89,0.242,,0.8567,semantic-set:innov|paronym-of:renovación,false
validez,sustantivo,4.354,0.206,0.401,34,0.320,elogio-reconocimiento,0.8567,semantic-set:valid|paronym-of:rapidez|paronym-of:calidez|paronym-of:validar,false
evidenciar,verbo,4.981,0.193,0.531,31,0.287,,0.8567,semantic-set:evide,false
subversivo,adjetivo,3.382,0.369,0.416,23,0.727,conversacion-cotidiana,0.8566,semantic-set:subve,false
medioambiente,sustantivo,3.990,0.294,0.454,76,0.540,,0.8566,semantic-set:medio|paronym-of:medioambiental,false
histórico,adjetivo,5.137,0.112,0.535,165,0.083,,0.8565,semantic-set:histo,false
plano,adjetivo,4.436,0.150,0.383,10,0.177,,0.8564,semantic-set:plano|paronym-of:plan|paronym-of:pago|paronym-of:claro,false
descentralización,sustantivo,4.158,0.310,0.419,96,0.578,,0.8564,semantic-set:desce,false
estándar,adjetivo,4.552,0.112,0.458,97,0.082,,0.8563,semantic-set:estan,false
licitación,sustantivo,4.531,0.247,0.510,30,0.420,negociacion,0.8563,semantic-set:licit|paronym-of:litigación,false
comunicación,sustantivo,5.627,0.080,0.446,323,0.405,,0.8563,semantic-set:comun,false
generador,adjetivo,4.321,0.177,0.429,265,0.245,,0.8562,semantic-set:gener,false
sostenibilidad,sustantivo,4.442,0.237,0.538,78,0.393,,0.8559,semantic-set:soste,false
firmar,verbo,5.521,0.114,0.527,46,0.276,negociacion,0.8559,semantic-set:firma|paronym-of:fumar|paronym-of:fijar|paronym-of:fichar,false
dicho,adjetivo,5.535,0.102,0.500,7,0.270,,0.8559,semantic-set:dicho|paronym-of:dicha,false
obesidad,sustantivo,4.384,0.175,0.359,6,0.236,,0.8558,semantic-set:obesi,false
escuadra,sustantivo,3.982,0.230,0.578,22,0.372,reuniones,0.8557,semantic-set:escua,false
cuaresma,sustantivo,3.733,0.276,0.390,23,0.488,conectores-estructura,0.8556,semantic-set:cuare,false
transcribir,verbo,3.777,0.367,0.412,981,0.713,,0.8555,semantic-set:trans,false
posicionamiento,sustantivo,4.293,0.169,0.330,35,0.218,,0.8555,semantic-set:posic,false
testimonial,adjetivo,3.753,0.369,0.494,38,0.717,,0.8554,semantic-set:testi|paronym-of:testimonio,false
reposición,sustantivo,4.084,0.235,0.463,53,0.381,,0.8553,semantic-set:repos|paronym-of:imposición|paronym-of:deposición|paronym-of:proposición,false
hostal,sustantivo,3.795,0.420,0.221,7,0.843,,0.8553,semantic-set:hosta|paronym-of:hostil|paronym-of:portal|paronym-of:postal,false
pertinente,adjetivo,4.357,0.242,0.400,20,0.399,,0.8553,semantic-set:perti|paronym-of:permanente,false
proteger,verbo,5.352,0.119,0.462,207,0.102,correos-mensajes,0.8553,semantic-set:prote|paronym-of:proveer,false
deducir,verbo,4.125,0.158,0.469,30,0.188,,0.8552,semantic-set:deduc|paronym-of:aducir|paronym-of:inducir|paronym-of:reducir,false
delimitar,verbo,3.916,0.144,0.539,17,0.154,conversacion-cotidiana,0.8552,semantic-set:delim|paronym-of:eliminar,false
afectación,sustantivo,4.259,0.309,0.601,58,0.564,conversacion-cotidiana,0.8551,semantic-set:afect|paronym-of:aceptación,false
comerciante,adjetivo,4.141,0.318,0.543,189,0.588,conversacion-cotidiana,0.8550,semantic-set:comer,false
exportar,verbo,4.606,0.188,0.417,75,0.261,,0.8549,semantic-set:expor|paronym-of:aportar|paronym-of:explorar|paronym-of:reportar,false
contextura,sustantivo,3.346,0.458,0.528,262,0.934,,0.8549,regional-only|semantic-set:conte,false
excepcional,adjetivo,4.479,0.150,0.475,34,0.164,elogio-reconocimiento,0.8548,semantic-set:excep,false
puntaje,sustantivo,4.210,0.304,0.427,34,0.551,reuniones,0.8548,semantic-set:punta|paronym-of:montaje,false
médico,adjetivo,5.129,0.118,0.498,136,0.085,liderazgo-feedback,0.8548,semantic-set:medic|paronym-of:ético|paronym-of:mérito,false
nutricional,adjetivo,4.411,0.212,0.367,126,0.318,,0.8546,semantic-set:nutri,false
accesibilidad,sustantivo,4.113,0.194,0.481,90,0.274,decir-que-no,0.8546,semantic-set:acces,false
aproximar,verbo,4.548,0.137,0.481,39,0.131,,0.8546,semantic-set:aprox,false
contingente,adjetivo,3.983,0.170,0.549,151,0.211,,0.8544,semantic-set:conti|paronym-of:convincente|paronym-of:contundente,false
incluyente,adjetivo,3.750,0.419,0.503,116,0.835,,0.8544,semantic-set:inclu,false
remuneración,sustantivo,4.326,0.233,0.449,19,0.367,elogio-reconocimiento,0.8543,semantic-set:remun|paronym-of:recuperación,false
deplorar,verbo,3.293,0.451,0.482,6,0.913,,0.8543,regional-only|semantic-set:deplo|paronym-of:decorar|paronym-of:explorar,false
gráfico,adjetivo,4.335,0.159,0.411,62,0.182,,0.8543,semantic-set:grafi,false
diagnosticar,verbo,5.074,0.197,0.428,34,0.278,,0.8542,semantic-set:diagn,false
catarata,sustantivo,3.481,0.468,0.495,28,0.955,,0.8542,regional-only|semantic-set:catar,false
previamente,adverbio,4.733,0.121,0.497,63,0.087,,0.8541,semantic-set:previ,false
relato,sustantivo,4.223,0.227,0.482,51,0.351,persuasion-storytelling,0.8540,semantic-set:relat|paronym-of:reclamo,false
biodiversidad,sustantivo,4.381,0.287,0.417,29,0.502,,0.8539,semantic-set:biodi,false
cuadragésimo,adjetivo,3.051,0.457,0.556,99,0.926,,0.8539,regional-only|semantic-set:cuadr,false
presidente,sustantivo,4.462,0.160,0.589,168,0.182,reuniones,0.8539,semantic-set:presi,false
intoxicación,sustantivo,3.867,0.188,0.611,12,0.252,,0.8537,semantic-set:intox,false
disposición,sustantivo,5.324,0.180,0.399,165,0.232,entrevistas,0.8536,semantic-set:dispo|paronym-of:imposición|paronym-of:deposición,false
inversión,sustantivo,5.497,0.136,0.499,160,0.273,,0.8535,semantic-set:inver|paronym-of:aversión|paronym-of:diversión,false
transcripción,sustantivo,3.797,0.265,0.546,981,0.442,,0.8535,semantic-set:trans,false
sustancial,adjetivo,4.267,0.193,0.523,39,0.260,,0.8533,semantic-set:susta,false
asistencial,adjetivo,4.279,0.304,0.434,88,0.537,,0.8532,semantic-set:asist,false
adicional,adjetivo,5.105,0.137,0.483,73,0.120,,0.8532,semantic-set:adici,false
pregunta,sustantivo,5.143,0.125,0.404,99,0.089,,0.8531,semantic-set:pregu|paronym-of:preguntar,false
evacuación,sustantivo,4.134,0.244,0.573,15,0.387,persuasion-storytelling,0.8531,semantic-set:evacu|paronym-of:evaluación,false
mensualmente,adverbio,4.002,0.104,0.343,25,0.035,,0.8528,semantic-set:mensu,false
encomienda,sustantivo,3.863,0.290,0.571,44,0.498,,0.8528,semantic-set:encom,false
consulta,sustantivo,4.732,0.174,0.350,276,0.206,,0.8527,semantic-set:consu|paronym-of:conducta|paronym-of:consultar|paronym-of:consultor,false
premura,sustantivo,3.286,0.402,0.369,14,0.778,,0.8527,semantic-set:premu,false
refinación,sustantivo,3.109,0.394,0.338,31,0.755,,0.8524,semantic-set:refin|paronym-of:definición,false
proceso,sustantivo,5.389,0.171,0.389,173,0.229,,0.8522,semantic-set:proce,false
anualidad,sustantivo,3.377,0.484,0.587,17,0.978,elogio-reconocimiento,0.8521,regional-only|semantic-set:anual|paronym-of:cualidad|paronym-of:actualidad,false
catalogar,verbo,4.778,0.252,0.412,93,0.396,,0.8520,semantic-set:catal,false
telemática,sustantivo,3.452,0.382,0.391,57,0.721,,0.8520,semantic-set:telem,false
valoración,sustantivo,4.646,0.251,0.460,107,0.392,,0.8518,semantic-set:valor,false
vencimiento,sustantivo,4.256,0.217,0.455,23,0.306,negociacion,0.8517,semantic-set:venci,false
tabaquismo,sustantivo,3.576,0.384,0.316,11,0.723,,0.8516,semantic-set:tabaq,false
interno,adjetivo,4.696,0.119,0.460,2055,0.060,conflicto-desacuerdo,0.8515,semantic-set:inter|paronym-of:entorno|paronym-of:externo|paronym-of:alterno,false
odontólogo,sustantivo,3.936,0.264,0.344,39,0.422,liderazgo-feedback,0.8515,semantic-set:odont,false
usufructo,sustantivo,3.516,0.379,0.369,13,0.709,negociacion,0.8513,semantic-set:usufr,false
enviar,verbo,5.620,0.066,0.423,64,0.312,correos-mensajes,0.8513,semantic-set:envia,false
juicio,sustantivo,5.202,0.195,0.584,11,0.248,persuasion-storytelling,0.8512,semantic-set:juici|paronym-of:oficio,false
soportar,verbo,5.091,0.103,0.410,48,0.016,negociacion,0.8511,semantic-set:sopor|paronym-of:aportar|paronym-of:soporte|paronym-of:reportar,false
informática,sustantivo,4.953,0.185,0.352,330,0.220,,0.8510,semantic-set:infor,false
febril,adjetivo,3.411,0.441,0.442,8,0.860,,0.8509,semantic-set:febri,false
durabilidad,sustantivo,3.940,0.312,0.358,6,0.536,,0.8507,semantic-set:durab,false
simulacro,sustantivo,3.951,0.295,0.548,36,0.493,presentaciones-oratoria,0.8506,semantic-set:simul,false
auténtico,adjetivo,3.770,0.165,0.440,27,0.167,,0.8505,semantic-set:auten,false
elegibilidad,sustantivo,3.334,0.453,0.652,36,0.885,,0.8504,regional-only|semantic-set:elegi|paronym-of:flexibilidad,false
prorrogar,verbo,4.333,0.186,0.653,36,0.216,reuniones,0.8502,semantic-set:prorr,false
oscuro,adjetivo,4.556,0.117,0.555,30,0.042,,0.8498,semantic-set:oscur,false
alteridad,sustantivo,3.240,0.495,0.369,108,0.984,,0.8497,regional-only|semantic-set:alter,false
temporal,adjetivo,4.825,0.132,0.518,73,0.075,presentaciones-oratoria,0.8495,semantic-set:tempo,false
despacho,sustantivo,3.836,0.228,0.393,98,0.315,,0.8495,semantic-set:despa,false
terminación,sustantivo,4.201,0.290,0.449,85,0.470,negociacion,0.8494,semantic-set:termi,false
revisión,sustantivo,5.041,0.165,0.471,117,0.156,,0.8492,semantic-set:revis|paronym-of:rescisión|paronym-of:provisión,false
continuar,verbo,5.599,0.042,0.542,151,0.190,,0.8491,semantic-set:conti|paronym-of:confinar,false
controvertir,verbo,3.678,0.230,0.586,795,0.318,,0.8491,semantic-set:contr,false
arquitectónico,adjetivo,4.199,0.190,0.439,92,0.216,,0.8489,semantic-set:arqui,false
emparejamiento,sustantivo,3.189,0.457,0.704,28,0.883,,0.8488,regional-only|semantic-set:empar,false
práctica,sustantivo,5.108,0.126,0.416,84,0.054,,0.8487,semantic-set:pract|paronym-of:táctica|paronym-of:práctico,false
ciclismo,sustantivo,4.100,0.259,0.459,16,0.386,,0.8487,semantic-set:cicli,false
admisión,sustantivo,4.619,0.251,0.369,29,0.365,,0.8485,semantic-set:admis|paronym-of:adición,false
anotación,sustantivo,3.889,0.248,0.601,30,0.357,reuniones,0.8484,semantic-set:anota,false
cadena,sustantivo,4.465,0.172,0.519,26,0.167,,0.8482,semantic-set:caden|paronym-of:adenda,false
activo,adjetivo,4.872,0.146,0.520,146,0.100,,0.8481,semantic-set:activ|paronym-of:chivo,false
contabilidad,sustantivo,4.698,0.275,0.341,346,0.418,,0.8478,semantic-set:conta|paronym-of:contabilizar|paronym-of:rentabilidad|paronym-of:confiabilidad,false
aplicativo,adjetivo,3.541,0.499,0.296,106,0.976,,0.8475,regional-only|semantic-set:aplic,false
situación,sustantivo,5.725,0.066,0.545,48,0.538,,0.8473,semantic-set:situa|paronym-of:simulación,false
navegador,adjetivo,4.691,0.249,0.326,53,0.346,,0.8469,semantic-set:naveg,false
consultora,sustantivo,4.282,0.216,0.469,276,0.263,elogio-reconocimiento,0.8468,semantic-set:consu|paronym-of:consultar|paronym-of:consultor|paronym-of:consultorio,false
extraordinario,adjetivo,4.552,0.111,0.459,466,0.001,negociacion,0.8468,semantic-set:extra,false
empedrar,verbo,3.388,0.463,0.449,11,0.881,,0.8468,regional-only|semantic-set:emped|paronym-of:empeñar|paronym-of:empeorar,false
intentar,verbo,5.441,0.118,0.513,114,0.099,decir-que-no,0.8468,semantic-set:inten,false
ambiental,adjetivo,5.269,0.176,0.421,126,0.163,,0.8467,semantic-set:ambie,false
pobreza,sustantivo,5.022,0.173,0.458,34,0.155,,0.8466,semantic-set:pobre,false
dicha,sustantivo,5.367,0.160,0.496,4,0.137,reuniones,0.8464,semantic-set:dicha|paronym-of:dieta|paronym-of:ficha|paronym-of:dicho,false
silencioso,adjetivo,3.871,0.175,0.311,40,0.158,,0.8464,semantic-set:silen,false
ejecutivo,adjetivo,5.380,0.118,0.532,103,0.038,reuniones,0.8460,semantic-set:ejecu,false
prueba,sustantivo,5.567,0.109,0.495,33,0.263,,0.8459,semantic-set:prueb,false
santificación,sustantivo,3.568,0.409,0.379,139,0.738,correos-mensajes,0.8459,semantic-set:santi|paronym-of:ratificación,false
facturación,sustantivo,4.357,0.210,0.442,35,0.241,conversacion-cotidiana,0.8458,semantic-set:factu,false
venta,sustantivo,5.402,0.262,0.446,166,0.412,,0.8458,semantic-set:venta|paronym-of:meta|paronym-of:viena,false
estrato,sustantivo,3.597,0.460,0.503,151,0.865,,0.8458,regional-only|semantic-set:estra|paronym-of:escrito,false
oficina,sustantivo,5.536,0.150,0.442,107,0.305,,0.8457,semantic-set:ofici|paronym-of:oficio,false
puntuación,sustantivo,4.419,0.308,0.530,30,0.483,,0.8457,semantic-set:puntu,false
antisemitismo,sustantivo,3.098,0.506,0.643,62,0.978,negociacion,0.8456,regional-only|semantic-set:antis,false
mediación,sustantivo,4.378,0.290,0.428,143,0.438,conflicto-desacuerdo,0.8456,semantic-set:media|paronym-of:medición|paronym-of:dedicación,false
inaugural,adjetivo,4.140,0.146,0.590,27,0.078,presentaciones-oratoria,0.8454,semantic-set:inaug,false
sentimental,adjetivo,4.023,0.168,0.577,70,0.130,paronimos,0.8453,semantic-set:senti,false
locación,sustantivo,3.733,0.242,0.501,1,0.814,,0.8452,semantic-set:locac|paronym-of:lección,false
ética,sustantivo,4.856,0.191,0.414,4,0.187,reuniones,0.8451,semantic-set:etica|paronym-of:ético,false
excavación,sustantivo,3.650,0.217,0.650,11,0.253,,0.8451,semantic-set:excav,false
saneamiento,sustantivo,4.345,0.234,0.547,16,0.294,,0.8450,semantic-set:sanea,false
consultor,adjetivo,4.586,0.170,0.306,276,0.132,entrevistas,0.8448,semantic-set:consu|paronym-of:consulta|paronym-of:consultar|paronym-of:consultora,false
inversionista,adjetivo,3.877,0.229,0.468,160,0.279,conversaciones-dificiles,0.8448,semantic-set:inver,false
didáctica,sustantivo,4.209,0.242,0.330,23,0.313,reuniones,0.8448,semantic-set:didac|paronym-of:didáctico,false
gratuito,adjetivo,4.715,0.165,0.404,29,0.117,,0.8446,semantic-set:gratu,false
adversar,verbo,3.909,0.221,0.540,55,0.258,,0.8446,semantic-set:adver,false
empresarial,adjetivo,5.118,0.171,0.390,295,0.132,,0.8445,semantic-set:empre,false
anillar,verbo,4.225,0.168,0.522,10,0.124,decir-que-no,0.8445,semantic-set:anill,false
conectividad,sustantivo,4.223,0.205,0.554,73,0.215,conversacion-cotidiana,0.8444,semantic-set:conec,false
corretaje,sustantivo,3.320,0.491,0.334,280,0.930,negociacion,0.8443,regional-only|semantic-set:corre,false
asesorar,verbo,4.578,0.154,0.358,43,0.087,,0.8442,semantic-set:aseso|paronym-of:asegurar,false
ecológico,adjetivo,4.420,0.158,0.395,27,0.097,,0.8442,semantic-set:ecolo|paronym-of:biológico,false
clínica,sustantivo,5.046,0.152,0.391,35,0.080,persuasion-storytelling,0.8441,semantic-set:clini,false
integral,adjetivo,5.223,0.203,0.394,151,0.207,,0.8440,semantic-set:integ,false
dramática,sustantivo,4.032,0.191,0.534,25,0.177,,0.8438,semantic-set:drama,false
curricular,adjetivo,4.577,0.167,0.294,45,0.115,reuniones,0.8436,semantic-set:curri,false
calificación,sustantivo,4.788,0.171,0.464,86,0.125,,0.8436,semantic-set:calif|paronym-of:ratificación|paronym-of:clasificación,false
sedentarismo,sustantivo,3.635,0.416,0.482,9,0.737,,0.8436,semantic-set:seden,false
infección,sustantivo,4.766,0.202,0.478,45,0.199,,0.8434,semantic-set:infec,false
normativa,sustantivo,4.761,0.189,0.413,97,0.165,reuniones,0.8432,semantic-set:norma|paronym-of:narrativa,false
viable,adjetivo,4.288,0.124,0.475,0,0.669,reuniones,0.8431,semantic-set:viabl|paronym-of:fiable,false
intersección,sustantivo,3.948,0.198,0.598,2055,0.187,conversacion-cotidiana,0.8431,semantic-set:inter,false
veterinario,adjetivo,4.191,0.131,0.366,44,0.017,,0.8428,semantic-set:veter,false
mira,sustantivo,4.180,0.180,0.550,0,0.806,,0.8427,semantic-set:mira|paronym-of:meta,false
preferencial,adjetivo,3.962,0.170,0.380,62,0.114,,0.8426,semantic-set:prefe,false
folleto,sustantivo,4.073,0.198,0.339,11,0.185,,0.8426,semantic-set:folle,false
imprimir,verbo,4.522,0.204,0.311,58,0.197,conectores-estructura,0.8424,semantic-set:impri,false
párroco,sustantivo,3.848,0.243,0.550,21,0.293,,0.8422,semantic-set:parro,false
contrata,sustantivo,2.888,0.479,0.310,795,0.933,,0.8420,regional-only|semantic-set:contr|paronym-of:contrato|paronym-of:contraer,false
requerimiento,sustantivo,4.170,0.169,0.393,57,0.107,presentaciones-oratoria,0.8420,semantic-set:reque,false
fotográfico,adjetivo,4.015,0.178,0.380,74,0.126,,0.8419,semantic-set:fotog,false
hermenéutica,sustantivo,3.327,0.467,0.482,27,0.848,,0.8418,regional-only|semantic-set:herme,false
corporativo,adjetivo,4.470,0.212,0.326,140,0.211,,0.8417,semantic-set:corpo,false
productivo,adjetivo,4.822,0.176,0.396,358,0.120,,0.8417,semantic-set:produ|paronym-of:predictivo,false
sexual,adjetivo,5.173,0.134,0.530,42,0.015,paronimos,0.8415,semantic-set:sexua|paronym-of:textual,false
turístico,adjetivo,4.901,0.149,0.471,107,0.050,,0.8414,semantic-set:turis,false
intervalo,sustantivo,4.184,0.220,0.500,2055,0.228,conversaciones-dificiles,0.8413,semantic-set:inter,false
sitio,sustantivo,5.032,0.143,0.361,25,0.034,conversacion-cotidiana,0.8412,semantic-set:sitio|paronym-of:sitiar,false
bandeja,sustantivo,4.146,0.260,0.404,43,0.326,correos-mensajes,0.8412,semantic-set:bande,false
alcoholismo,sustantivo,3.675,0.243,0.373,36,0.284,,0.8411,semantic-set:alcoh,false
empleo,sustantivo,4.910,0.209,0.552,110,0.193,,0.8405,semantic-set:emple,false
china,sustantivo,3.914,0.139,0.588,63,0.016,,0.8404,semantic-set:china|paronym-of:chivo,false
veraz,adjetivo,3.758,0.215,0.316,1,0.706,liderazgo-feedback,0.8402,semantic-set:veraz|paronym-of:verbal,false
mantenimiento,sustantivo,5.219,0.203,0.393,171,0.175,liderazgo-feedback,0.8401,semantic-set:mante,false
respuesta,sustantivo,5.544,0.103,0.407,28,0.157,correos-mensajes,0.8401,semantic-set:respu,false
nivelar,verbo,3.576,0.146,0.505,39,0.031,,0.8398,semantic-set:nivel,false
valvular,adjetivo,3.902,0.238,0.423,6,0.257,matices-precision,0.8396,semantic-set:valvu|paronym-of:calcular,false
bilateral,adjetivo,4.448,0.199,0.543,10,0.160,reuniones,0.8395,semantic-set:bilat,false
determinación,sustantivo,4.776,0.301,0.500,76,0.415,redaccion-ejecutiva,0.8395,semantic-set:deter,false
sondeo,sustantivo,3.681,0.281,0.619,13,0.366,reuniones,0.8395,semantic-set:sonde|paronym-of:sondear,false
subcomisión,sustantivo,3.638,0.427,0.497,63,0.730,,0.8394,semantic-set:subco,false
accesar,verbo,5.555,0.109,0.424,90,0.185,entrevistas,0.8393,semantic-set:acces,false
tropa,sustantivo,3.800,0.354,0.540,3,0.711,liderazgo-feedback,0.8392,semantic-set:tropa,false
subdirección,sustantivo,3.738,0.428,0.515,38,0.729,,0.8391,semantic-set:subdi,false
notificación,sustantivo,4.747,0.263,0.444,58,0.316,correos-mensajes,0.8389,semantic-set:notif|paronym-of:ratificación|paronym-of:modificación,false
potestad,sustantivo,4.224,0.290,0.496,5,0.382,,0.8389,semantic-set:potes,false
tuyo,adjetivo,4.083,0.155,0.288,0,0.710,conectores-estructura,0.8388,semantic-set:tuyo|paronym-of:euro,false
notificar,verbo,4.675,0.325,0.570,58,0.468,correos-mensajes,0.8387,semantic-set:notif,false
asomar,verbo,4.002,0.221,0.447,23,0.208,elogio-reconocimiento,0.8386,semantic-set:asoma|paronym-of:sumar|paronym-of:tomar|paronym-of:asear,false
estadística,sustantivo,4.480,0.184,0.528,155,0.115,,0.8386,semantic-set:estad,false
multinacional,adjetivo,4.397,0.288,0.436,663,0.374,,0.8386,semantic-set:multi,false
largar,verbo,5.574,0.059,0.530,21,0.088,,0.8384,semantic-set:larga|paronym-of:largo|paronym-of:marcar,false
manufactura,sustantivo,3.597,0.463,0.530,25,0.810,persuasion-storytelling,0.8384,regional-only|semantic-set:manuf|paronym-of:manufacturar,false
asesor,adjetivo,4.971,0.190,0.462,43,0.129,,0.8383,semantic-set:aseso|paronym-of:asear,false
cumbre,sustantivo,4.733,0.195,0.508,8,0.140,liderazgo-feedback,0.8382,semantic-set:cumbr,false
financiero,adjetivo,5.187,0.151,0.471,172,0.028,,0.8381,semantic-set:finan|paronym-of:financiar,false
sitiar,verbo,5.492,0.091,0.350,5,0.023,,0.8381,semantic-set:sitia|paronym-of:sitio|paronym-of:situar|paronym-of:mitigar,false
basar,verbo,5.708,0.054,0.464,16,0.387,,0.8380,semantic-set:basar|paronym-of:bala|paronym-of:sacar|paronym-of:malar,false
inhumación,sustantivo,2.985,0.471,0.423,9,0.828,,0.8379,regional-only|semantic-set:inhum|paronym-of:incubación,false
página,sustantivo,5.058,0.142,0.307,31,0.004,conectores-estructura,0.8378,semantic-set:pagin|paronym-of:paginar,false
manufacturar,verbo,4.242,0.286,0.391,25,0.362,,0.8378,semantic-set:manuf|paronym-of:manufactura,false
trasfondo,sustantivo,3.782,0.220,0.601,21,0.198,,0.8377,semantic-set:trasf,false
cronograma,sustantivo,4.194,0.334,0.504,38,0.482,reuniones,0.8375,semantic-set:crono,false
lírico,adjetivo,3.494,0.400,0.576,3,0.813,persuasion-storytelling,0.8375,semantic-set:liric|paronym-of:cívico|paronym-of:hídrico,false
exportador,adjetivo,4.092,0.219,0.424,75,0.194,,0.8375,semantic-set:expor,false
simplificación,sustantivo,3.618,0.261,0.613,60,0.298,,0.8374,semantic-set:simpl,false
memorial,sustantivo,3.904,0.240,0.576,69,0.243,,0.8372,semantic-set:memor,false
canalización,sustantivo,3.611,0.245,0.403,83,0.255,,0.8370,semantic-set:canal,false
laboral,adjetivo,5.437,0.123,0.459,135,0.024,,0.8369,semantic-set:labor|paronym-of:laborar,false
íntima,sustantivo,3.709,0.225,0.500,50,0.202,,0.8368,semantic-set:intim,false
equiparación,sustantivo,3.170,0.494,0.600,109,0.875,,0.8367,regional-only|semantic-set:equip,false
variable,adjetivo,4.411,0.165,0.441,52,0.051,,0.8367,semantic-set:varia,false
generar,verbo,5.699,0.113,0.533,265,0.500,entrevistas,0.8365,semantic-set:gener,false
enfermedad,sustantivo,5.475,0.130,0.452,81,0.084,,0.8365,semantic-set:enfer,false
alumno,sustantivo,4.683,0.316,0.293,20,0.426,,0.8364,semantic-set:alumn,false
conducta,sustantivo,4.953,0.203,0.458,108,0.143,,0.8362,semantic-set:condu|paronym-of:consulta,false
consultivo,adjetivo,4.007,0.265,0.486,276,0.294,reuniones,0.8358,semantic-set:consu,false
colectivo,adjetivo,4.879,0.153,0.481,90,0.013,,0.8357,semantic-set:colec|paronym-of:correctivo,false
permanentemente,adverbio,4.259,0.177,0.409,65,0.068,reuniones,0.8352,semantic-set:perma,false
cuarzo,sustantivo,3.371,0.321,0.390,1,0.925,,0.8349,semantic-set:cuarz|paronym-of:claro,false
viena,sustantivo,3.871,0.166,0.429,0,0.705,negociacion,0.8348,semantic-set:viena|paronym-of:dieta|paronym-of:plena|paronym-of:venta,false
modificación,sustantivo,4.934,0.185,0.446,58,0.086,correos-mensajes,0.8347,semantic-set:modif|paronym-of:notificación,false
letalidad,sustantivo,3.161,0.478,0.528,6,0.817,,0.8347,regional-only|semantic-set:letal|paronym-of:localidad|paronym-of:ilegalidad|paronym-of:mentalidad,false
registrar,verbo,5.674,0.094,0.494,103,0.371,,0.8347,semantic-set:regis|paronym-of:registro,false
discográfico,adjetivo,3.681,0.167,0.654,78,0.037,,0.8342,semantic-set:disco,false
presunción,sustantivo,4.019,0.400,0.565,124,0.618,,0.8342,semantic-set:presu|paronym-of:prevención|paronym-of:prestación,false
forme,adjetivo,2.808,0.437,0.251,14,0.854,,0.8341,semantic-set:forme,false
existir,verbo,5.746,0.060,0.468,58,0.469,,0.8339,semantic-set:exist|paronym-of:exigir|paronym-of:eximir|paronym-of:emitir,false
probabilístico,adjetivo,3.076,0.464,0.315,85,0.775,,0.8337,regional-only|semantic-set:proba,false
dentro,adverbio,5.748,0.074,0.471,8,0.509,,0.8336,semantic-set:dentr|paronym-of:diestro,false
razonablemente,adverbio,3.611,0.262,0.443,25,0.268,,0.8335,semantic-set:razon,false
inédito,adjetivo,4.030,0.186,0.487,5,0.077,,0.8334,semantic-set:inedi,false
reservación,sustantivo,4.072,0.297,0.242,70,0.355,conversaciones-dificiles,0.8334,semantic-set:reser,false
resguardar,verbo,4.309,0.260,0.545,20,0.261,,0.8334,semantic-set:resgu,false
paga,sustantivo,3.635,0.207,0.481,0,0.793,correos-mensajes,0.8331,semantic-set:paga|paronym-of:tasa|paronym-of:bala|paronym-of:pago,false
clicar,verbo,3.131,0.471,0.294,3,0.950,,0.8328,regional-only|semantic-set:clica,false
euro,sustantivo,4.280,0.236,0.420,0,0.863,reuniones,0.8327,semantic-set:euro|paronym-of:tuyo,false
jerárquico,adjetivo,3.689,0.210,0.481,22,0.130,,0.8327,semantic-set:jerar,false
contratación,sustantivo,4.836,0.232,0.463,795,0.186,entrevistas,0.8326,semantic-set:contr,false
biblioteca,sustantivo,5.113,0.227,0.458,124,0.170,,0.8324,semantic-set:bibli,false
debajo,adverbio,4.868,0.140,0.537,1,0.452,liderazgo-feedback,0.8323,semantic-set:debaj,false
vigilante,adjetivo,4.131,0.260,0.543,32,0.251,,0.8322,semantic-set:vigil,false
fichar,verbo,4.452,0.239,0.478,10,0.200,entrevistas,0.8321,semantic-set:ficha|paronym-of:ficha|paronym-of:fijar|paronym-of:firmar,false
misiva,sustantivo,3.852,0.215,0.588,0,0.805,,0.8320,semantic-set:misiv|paronym-of:pasiva,false
paginar,verbo,5.493,0.145,0.277,31,0.110,,0.8319,semantic-set:pagin|paronym-of:afinar|paronym-of:página,false
imputar,verbo,4.550,0.381,0.706,28,0.552,persuasion-storytelling,0.8319,semantic-set:imput|paronym-of:empatar,false
ecuación,sustantivo,4.092,0.246,0.529,6,0.215,,0.8319,semantic-set:ecuac,false
legal,adjetivo,5.391,0.148,0.481,55,0.001,,0.8317,semantic-set:legal,false
retroalimentación,sustantivo,3.898,0.253,0.398,140,0.230,,0.8317,semantic-set:retro,false
ajustador,adjetivo,3.026,0.557,0.483,52,0.988,correos-mensajes,0.8314,regional-only|semantic-set:ajust,false
friolera,sustantivo,2.763,0.416,0.556,4,0.851,reuniones,0.8311,semantic-set:friol,false
organizacional,adjetivo,4.349,0.181,0.328,211,0.045,liderazgo-feedback,0.8310,semantic-set:organ,false
psicosocial,adjetivo,3.817,0.279,0.471,219,0.288,,0.8309,semantic-set:psico,false
empatar,verbo,4.779,0.259,0.683,32,0.239,reuniones,0.8308,semantic-set:empat|paronym-of:empate|paronym-of:empeñar|paronym-of:imputar,false
feto,sustantivo,3.979,0.241,0.397,0,0.858,,0.8308,semantic-set:feto|paronym-of:reto|paronym-of:alto|paronym-of:fijo,false
tecnológico,adjetivo,4.951,0.180,0.440,239,0.039,,0.8307,semantic-set:tecno,false
narrativa,sustantivo,4.193,0.233,0.513,33,0.173,presentaciones-oratoria,0.8307,semantic-set:narra|paronym-of:normativa,false
expresamente,adverbio,4.315,0.306,0.306,108,0.354,,0.8305,semantic-set:expre,false
carpintero,sustantivo,3.689,0.173,0.527,24,0.020,,0.8304,semantic-set:carpi,false
concurrir,verbo,4.284,0.360,0.491,82,0.487,,0.8303,semantic-set:concu,false
indexación,sustantivo,3.549,0.499,0.334,13,0.832,,0.8299,regional-only|semantic-set:index,false
drenaje,sustantivo,4.158,0.186,0.449,17,0.046,,0.8297,semantic-set:drena,false
incubadora,sustantivo,3.712,0.235,0.289,18,0.168,,0.8297,semantic-set:incub,false
radical,adjetivo,4.574,0.180,0.539,44,0.032,,0.8297,semantic-set:radic|paronym-of:radicar,false
unidad,sustantivo,5.599,0.113,0.518,34,0.205,,0.8296,semantic-set:unida|paronym-of:entidad|paronym-of:sanidad,false
misionero,adjetivo,3.660,0.202,0.449,31,0.084,decir-que-no,0.8295,semantic-set:misio,false
adivinar,verbo,3.970,0.237,0.492,23,0.170,,0.8294,semantic-set:adivi,false
silvicultura,sustantivo,3.109,0.463,0.508,23,0.735,,0.8292,regional-only|semantic-set:silvi,false
gestión,sustantivo,5.596,0.161,0.434,66,0.311,,0.8290,semantic-set:gesti,false
ensayo,sustantivo,4.482,0.192,0.471,27,0.056,,0.8289,semantic-set:ensay,false
opinión,sustantivo,5.438,0.231,0.493,24,0.226,,0.8289,semantic-set:opini|paronym-of:opción,false
científico,adjetivo,4.832,0.197,0.458,74,0.066,reuniones,0.8288,semantic-set:cient,false
comentario,sustantivo,5.110,0.243,0.420,141,0.181,correos-mensajes,0.8287,semantic-set:comen|paronym-of:comunitario,false
desarrollo,sustantivo,4.078,0.228,0.404,187,0.141,,0.8286,semantic-set:desar,false
señalización,sustantivo,4.002,0.226,0.524,60,0.135,liderazgo-feedback,0.8285,semantic-set:señal|paronym-of:realización,false
audiovisual,adjetivo,4.573,0.193,0.432,64,0.052,,0.8284,semantic-set:audio,false
geográfico,adjetivo,4.073,0.174,0.496,31,0.006,decir-que-no,0.8284,semantic-set:geogr,false
arrendamiento,sustantivo,4.207,0.321,0.417,24,0.371,negociacion,0.8283,semantic-set:arren,false
cívico,adjetivo,4.173,0.217,0.592,10,0.113,reuniones,0.8283,semantic-set:civic|paronym-of:lírico|paronym-of:crítico,false
rodante,adjetivo,3.524,0.320,0.660,7,0.369,liderazgo-feedback,0.8282,semantic-set:rodan,false
desbloquear,verbo,3.951,0.287,0.511,20,0.286,correos-mensajes,0.8281,semantic-set:desbl,false
divulgación,sustantivo,4.371,0.226,0.402,26,0.133,,0.8281,semantic-set:divul,false
homólogo,adjetivo,3.466,0.271,0.870,19,0.845,,0.8279,semantic-set:homol,false
anexo,sustantivo,3.902,0.257,0.439,3,0.373,,0.8278,semantic-set:anexo,false
aseguramiento,sustantivo,3.992,0.328,0.461,68,0.384,,0.8277,semantic-set:asegu|paronym-of:asesoramiento,false
industrial,adjetivo,5.331,0.184,0.419,133,0.027,,0.8277,semantic-set:indus,false
nominal,adjetivo,3.993,0.197,0.624,32,0.054,paronimos,0.8274,semantic-set:nomin,false
postal,adjetivo,4.341,0.199,0.422,19,0.059,correos-mensajes,0.8273,semantic-set:posta|paronym-of:hostil|paronym-of:pastel|paronym-of:portal,false
maletero,sustantivo,3.684,0.501,0.611,17,0.813,entrevistas,0.8272,regional-only|semantic-set:malet,false
pronunciamiento,sustantivo,4.256,0.299,0.544,41,0.307,,0.8271,semantic-set:pronu,false
entidad,sustantivo,5.391,0.192,0.490,9,0.072,,0.8270,semantic-set:entid|paronym-of:unidad|paronym-of:equidad,false
multidisciplinario,adjetivo,3.987,0.236,0.255,663,0.150,liderazgo-feedback,0.8270,semantic-set:multi,false
sustentable,adjetivo,4.404,0.376,0.385,38,0.497,,0.8267,semantic-set:suste,false
impugnación,sustantivo,4.050,0.286,0.586,28,0.271,elogio-reconocimiento,0.8267,semantic-set:impug|paronym-of:imputación,false
imputación,sustantivo,3.846,0.317,0.603,28,0.347,persuasion-storytelling,0.8266,semantic-set:imput|paronym-of:amputación|paronym-of:impugnación,false
expuesto,adjetivo,4.770,0.224,0.466,3,0.281,persuasion-storytelling,0.8265,semantic-set:expue|paronym-of:impuesto,false
soporte,sustantivo,4.003,0.244,0.301,48,0.163,,0.8264,semantic-set:sopor|paronym-of:reporte|paronym-of:soportar,false
ofrecimiento,sustantivo,3.974,0.220,0.527,77,0.104,,0.8264,semantic-set:ofrec,false
brujo,sustantivo,3.198,0.363,0.561,1,0.961,reuniones,0.8262,semantic-set:brujo|paronym-of:flujo,false
temporalmente,adverbio,4.086,0.181,0.554,73,0.003,entrevistas,0.8262,semantic-set:tempo,false
control,sustantivo,5.646,0.104,0.452,795,0.259,,0.8261,semantic-set:contr,false
hotelero,adjetivo,3.955,0.218,0.442,63,0.091,,0.8257,semantic-set:hotel,false
gerenciar,verbo,4.752,0.298,0.385,43,0.292,,0.8256,semantic-set:geren,false
sustentación,sustantivo,3.541,0.473,0.378,38,0.725,,0.8252,regional-only|semantic-set:suste,false
encierro,sustantivo,3.725,0.248,0.598,19,0.162,,0.8251,semantic-set:encie,false
idea,sustantivo,5.165,0.106,0.430,0,0.475,,0.8251,semantic-set:idea,false
influenza,sustantivo,3.974,0.253,0.481,54,0.174,,0.8251,semantic-set:influ,false
regenerativo,adjetivo,2.850,0.448,0.556,38,0.754,,0.8251,semantic-set:regen,false
conflictividad,sustantivo,3.503,0.339,0.460,53,0.391,,0.8251,semantic-set:confl,false
interdisciplinario,adjetivo,3.989,0.289,0.335,2055,0.264,liderazgo-feedback,0.8251,semantic-set:inter,false
eliminar,verbo,5.380,0.453,0.501,57,0.701,correos-mensajes,0.8250,regional-only|semantic-set:elimi|paronym-of:delimitar,false
balar,verbo,4.358,0.222,0.631,6,0.094,,0.8248,semantic-set:balar|paronym-of:bala|paronym-of:sacar|paronym-of:malar,false
lograr,verbo,5.821,0.042,0.538,35,0.560,elogio-reconocimiento,0.8246,semantic-set:logra|paronym-of:rogar|paronym-of:borrar,false
asesoramiento,sustantivo,4.399,0.234,0.360,43,0.121,,0.8244,semantic-set:aseso|paronym-of:aseguramiento,false
contener,verbo,5.627,0.079,0.391,262,0.135,,0.8242,semantic-set:conte|paronym-of:obtener|paronym-of:mantener|paronym-of:sostener,false
horno,sustantivo,3.797,0.270,0.402,9,0.210,liderazgo-feedback,0.8242,semantic-set:horno,false
administración,sustantivo,5.591,0.155,0.487,240,0.247,,0.8241,semantic-set:admin,false
tratar,verbo,5.864,0.044,0.502,85,0.687,,0.8241,semantic-set:trata|paronym-of:rotar|paronym-of:radar|paronym-of:trazar,false
dictaminar,verbo,3.815,0.282,0.607,52,0.236,,0.8238,semantic-set:dicta,false
salvamento,sustantivo,3.760,0.319,0.538,262,0.328,,0.8237,semantic-set:salva,false
consultorio,sustantivo,4.245,0.225,0.457,276,0.093,correos-mensajes,0.8237,semantic-set:consu|paronym-of:consultora,false
robótica,sustantivo,3.951,0.240,0.481,23,0.127,liderazgo-feedback,0.8234,semantic-set:robot,false
intermedio,adjetivo,3.802,0.190,0.426,2055,0.002,reuniones,0.8232,semantic-set:inter,false
proyecto,adjetivo,5.609,0.153,0.405,135,0.272,,0.8232,semantic-set:proye,false
trascendente,adjetivo,3.871,0.248,0.461,55,0.145,,0.8232,semantic-set:trasc,false
lingüístico,adjetivo,3.858,0.246,0.481,18,0.139,,0.8229,semantic-set:lingu,false
reto,sustantivo,4.730,0.187,0.456,0,0.657,,0.8229,semantic-set:reto|paronym-of:feto|paronym-of:robo|paronym-of:alto,false
bocina,sustantivo,3.141,0.509,0.538,3,0.963,,0.8228,regional-only|semantic-set:bocin,false
automatizar,verbo,4.072,0.282,0.378,197,0.227,correos-mensajes,0.8228,semantic-set:autom,false
estipulación,sustantivo,3.503,0.538,0.587,14,0.867,negociacion,0.8227,regional-only|semantic-set:estip,false
tensar,verbo,3.944,0.204,0.585,7,0.033,,0.8227,semantic-set:tensa,false
biológico,adjetivo,4.378,0.203,0.427,30,0.029,,0.8225,semantic-set:biolo|paronym-of:ecológico,false
apelar,verbo,4.420,0.229,0.619,30,0.092,,0.8224,semantic-set:apela|paronym-of:asear|paronym-of:avalar|paronym-of:operar,false
decreto,sustantivo,4.000,0.253,0.510,45,0.152,negociacion,0.8224,semantic-set:decre|paronym-of:secreto,false
sensorial,adjetivo,3.802,0.203,0.406,28,0.026,,0.8222,semantic-set:senso,false
pasiva,sustantivo,3.897,0.212,0.407,12,0.047,,0.8220,semantic-set:pasiv|paronym-of:misiva,false
conciliación,sustantivo,4.172,0.252,0.555,120,0.145,conflicto-desacuerdo,0.8219,semantic-set:conci,false
asociar,verbo,4.961,0.254,0.488,79,0.147,,0.8214,semantic-set:asoci|paronym-of:asomar,false
anunciante,adjetivo,4.415,0.472,0.267,89,0.692,,0.8214,regional-only|semantic-set:anunc,false
oportunamente,adverbio,4.206,0.240,0.327,66,0.109,,0.8209,semantic-set:oport,false
distribuidora,sustantivo,4.232,0.304,0.438,174,0.265,,0.8205,semantic-set:distr,false
terapeuta,adjetivo,3.862,0.241,0.304,17,0.106,entrevistas,0.8205,semantic-set:terap,false
privación,sustantivo,3.974,0.229,0.554,142,0.073,,0.8200,semantic-set:priva,false
inventario,sustantivo,4.199,0.334,0.386,83,0.334,,0.8198,semantic-set:inven|paronym-of:inventariar,false
latente,adjetivo,3.832,0.126,0.540,2,0.147,,0.8198,semantic-set:laten,false
subordinación,sustantivo,3.576,0.303,0.481,13,0.256,,0.8197,semantic-set:subor,false
organización,sustantivo,5.703,0.051,0.462,211,0.214,,0.8196,semantic-set:organ,false
dengue,sustantivo,4.394,0.269,0.624,8,0.168,,0.8195,semantic-set:dengu,false
plan,sustantivo,5.157,0.127,0.496,0,0.480,,0.8194,semantic-set:plan|paronym-of:plena|paronym-of:plano,false
dopaje,sustantivo,3.421,0.359,0.541,1,0.889,,0.8190,semantic-set:dopaj,false
totalizar,verbo,3.902,0.292,0.583,54,0.222,reuniones,0.8189,semantic-set:total,false
remoción,sustantivo,3.983,0.239,0.512,0,0.752,entrevistas,0.8185,semantic-set:remoc,false
razonable,adjetivo,4.489,0.281,0.421,25,0.188,negociacion,0.8183,semantic-set:razon,false
extraterritorial,adjetivo,2.970,0.550,0.310,466,0.860,,0.8179,regional-only|semantic-set:extra,false
apóstol,sustantivo,4.316,0.283,0.456,58,0.190,,0.8179,semantic-set:apost,false
acaecer,verbo,3.545,0.255,0.469,7,0.117,,0.8177,semantic-set:acaec,false
tasa,sustantivo,4.703,0.131,0.518,0,0.473,negociacion,0.8175,semantic-set:tasa|paronym-of:paga|paronym-of:bala|paronym-of:sala,false
bala,sustantivo,3.917,0.173,0.577,0,0.576,,0.8173,semantic-set:bala|paronym-of:paga|paronym-of:tasa|paronym-of:sala,false
publicista,sustantivo,3.684,0.277,0.454,444,0.169,entrevistas,0.8173,semantic-set:publi,false
noveno,adjetivo,4.223,0.213,0.626,11,0.008,persuasion-storytelling,0.8171,semantic-set:noven,false
impertinente,adjetivo,3.170,0.545,0.485,95,0.839,,0.8170,regional-only|semantic-set:imper,false
peor,adjetivo,4.998,0.125,0.530,0,0.450,,0.8165,semantic-set:peor,false
normalizar,verbo,3.821,0.226,0.502,97,0.034,,0.8164,semantic-set:norma|paronym-of:normalidad|paronym-of:formalizar,false
literario,adjetivo,4.406,0.240,0.539,53,0.069,,0.8163,semantic-set:liter,false
hospedar,verbo,4.019,0.410,0.406,36,0.492,paronimos,0.8162,semantic-set:hospe|paronym-of:hospedaje,false
operacional,adjetivo,4.041,0.242,0.423,111,0.071,,0.8160,semantic-set:opera,false
psíquico,adjetivo,3.601,0.235,0.334,17,0.055,,0.8160,semantic-set:psiqu,false
habitacional,adjetivo,4.165,0.230,0.455,99,0.041,conversacion-cotidiana,0.8160,semantic-set:habit,false
litigación,sustantivo,3.098,0.540,0.369,17,0.815,,0.8158,regional-only|semantic-set:litig|paronym-of:mitigación|paronym-of:licitación,false
duda,sustantivo,4.924,0.166,0.460,0,0.545,,0.8156,semantic-set:duda|paronym-of:deuda,false
afín,adjetivo,3.869,0.345,0.414,0,0.990,entrevistas,0.8153,semantic-set:afin,false
adenda,sustantivo,3.232,0.547,0.556,3,0.996,,0.8152,regional-only|semantic-set:adend|paronym-of:deuda|paronym-of:agenda|paronym-of:cadena,false
pago,sustantivo,4.828,0.111,0.461,0,0.402,,0.8149,semantic-set:pago|paronym-of:paga|paronym-of:largo|paronym-of:plano,false
tomar,verbo,5.855,0.031,0.502,35,0.550,,0.8147,semantic-set:tomar|paronym-of:rotar|paronym-of:rogar|paronym-of:remar,false
constitutivo,adjetivo,3.745,0.244,0.420,406,0.062,negociacion,0.8143,semantic-set:const,false
destinatario,adjetivo,4.146,0.264,0.452,94,0.111,conectores-estructura,0.8142,semantic-set:desti,false
comercial,adjetivo,5.586,0.165,0.445,189,0.178,,0.8142,semantic-set:comer,false
discriminatorio,adjetivo,3.561,0.251,0.481,86,0.077,,0.8139,semantic-set:discr,false
meta,sustantivo,4.821,0.148,0.410,0,0.484,liderazgo-feedback,0.8138,semantic-set:meta|paronym-of:mira|paronym-of:nota|paronym-of:dieta,false
pliego,sustantivo,4.093,0.347,0.507,5,0.314,decir-que-no,0.8137,semantic-set:plieg|paronym-of:griego,false
exonerar,verbo,3.745,0.245,0.497,19,0.061,negociacion,0.8137,semantic-set:exone,false
colaborativo,adjetivo,3.873,0.283,0.446,52,0.155,negociacion,0.8135,semantic-set:colab,false
criminal,adjetivo,4.832,0.277,0.659,38,0.138,,0.8135,semantic-set:crimi,false
delación,sustantivo,2.905,0.575,0.736,5,0.916,,0.8131,regional-only|semantic-set:delac,false
humanitario,adjetivo,4.002,0.268,0.596,197,0.112,negociacion,0.8129,semantic-set:human,false
ocupacional,adjetivo,4.419,0.339,0.334,67,0.288,,0.8129,semantic-set:ocupa,false
técnico,adjetivo,5.581,0.140,0.437,101,0.089,,0.8124,semantic-set:tecni,false
nota,sustantivo,4.713,0.077,0.416,0,0.295,reuniones,0.8124,semantic-set:nota|paronym-of:meta|paronym-of:notar|paronym-of:cuota,false
conocimiento,sustantivo,5.650,0.146,0.378,138,0.258,,0.8123,semantic-set:conoc,false
editorial,adjetivo,4.956,0.237,0.469,58,0.025,reuniones,0.8120,semantic-set:edito,false
doméstico,adjetivo,4.120,0.268,0.497,30,0.101,,0.8118,semantic-set:domes,false
vacante,adjetivo,4.029,0.271,0.513,12,0.107,entrevistas,0.8116,semantic-set:vacan,false
eminentemente,adverbio,3.669,0.259,0.473,9,0.074,correos-mensajes,0.8112,semantic-set:emine,false
imponible,adjetivo,3.615,0.443,0.463,38,0.533,,0.8110,semantic-set:impon,false
solicitar,verbo,5.575,0.213,0.438,84,0.244,,0.8107,semantic-set:solic|paronym-of:solicitud,false
legitimación,sustantivo,3.788,0.404,0.581,31,0.430,,0.8104,semantic-set:legit,false
telégrafo,sustantivo,3.421,0.520,0.620,21,0.720,correos-mensajes,0.8103,regional-only|semantic-set:teleg,false
desviación,sustantivo,3.948,0.258,0.466,68,0.064,conversacion-cotidiana,0.8103,semantic-set:desvi,false
inhabilidad,sustantivo,3.400,0.565,0.338,29,0.829,presentaciones-oratoria,0.8101,regional-only|semantic-set:inhab,false
pistón,sustantivo,3.537,0.266,0.491,20,0.080,reuniones,0.8097,semantic-set:pisto|paronym-of:visión,false
tributo,sustantivo,4.003,0.286,0.514,78,0.128,,0.8096,semantic-set:tribu,false
diplomática,sustantivo,4.410,0.311,0.652,37,0.189,,0.8095,semantic-set:diplo,false
tamizaje,sustantivo,3.051,0.526,0.556,9,0.722,,0.8088,regional-only|semantic-set:tamiz,false
especial,adjetivo,5.667,0.057,0.459,340,0.044,,0.8085,semantic-set:espec,false
pollo,sustantivo,3.797,0.246,0.454,16,0.017,conversacion-cotidiana,0.8083,semantic-set:pollo,false
devengar,verbo,3.786,0.332,0.482,24,0.231,,0.8082,semantic-set:deven,false
contralor,sustantivo,4.131,0.264,0.491,795,0.059,negociacion,0.8080,semantic-set:contr|paronym-of:contrato|paronym-of:contraer,false
siguiente,adjetivo,5.697,0.132,0.516,39,0.299,,0.8076,semantic-set:sigui,false
establecer,verbo,5.707,0.140,0.468,133,0.344,negociacion,0.8072,semantic-set:estab|paronym-of:restablecer,false
mediante,adjetivo,5.583,0.158,0.425,143,0.096,,0.8072,semantic-set:media|paronym-of:mediana,false
ético,adjetivo,4.435,0.134,0.483,2,0.062,decir-que-no,0.8072,semantic-set:etico|paronym-of:ética|paronym-of:médico,false
electrificación,sustantivo,3.681,0.271,0.508,560,0.070,,0.8071,semantic-set:elect,false
calidad,sustantivo,5.786,0.108,0.359,65,0.477,,0.8070,semantic-set:calid|paronym-of:calidez|paronym-of:sanidad|paronym-of:cualidad,false
postulación,sustantivo,4.263,0.364,0.396,54,0.300,reuniones,0.8069,semantic-set:postu,false
sesionar,verbo,3.701,0.360,0.530,12,0.291,conversacion-cotidiana,0.8068,semantic-set:sesio|paronym-of:gestionar,false
inversor,adjetivo,3.743,0.319,0.554,160,0.184,,0.8065,semantic-set:inver|paronym-of:invertir,false
canciller,sustantivo,4.565,0.260,0.603,27,0.037,reuniones,0.8065,semantic-set:canci,false
fiabilidad,sustantivo,3.819,0.234,0.359,1,0.466,,0.8058,semantic-set:fiabi|paronym-of:facilidad|paronym-of:habilidad|paronym-of:amabilidad,false
judicialmente,adverbio,3.503,0.248,0.482,76,0.000,,0.8057,semantic-set:judic,false
gubernamental,adjetivo,4.559,0.261,0.540,26,0.030,presentaciones-oratoria,0.8053,semantic-set:guber,false
mercosur,sustantivo,4.288,0.573,0.412,19,0.807,reuniones,0.8049,regional-only|semantic-set:merco,false
inmigración,sustantivo,4.254,0.333,0.541,19,0.205,,0.8046,semantic-set:inmig|paronym-of:emigración|paronym-of:integración,false
fiel,adjetivo,4.463,0.129,0.472,0,0.359,decir-que-no,0.8044,semantic-set:fiel|paronym-of:fijo,false
mutual,adjetivo,3.553,0.464,0.465,16,0.527,,0.8039,regional-only|semantic-set:mutua|paronym-of:manual|paronym-of:actual|paronym-of:puntual,false
emigración,sustantivo,3.638,0.361,0.571,12,0.269,,0.8038,semantic-set:emigr|paronym-of:inmigración,false
emisor,adjetivo,4.026,0.154,0.489,2,0.081,correos-mensajes,0.8034,semantic-set:emiso|paronym-of:emitir|paronym-of:editor,false
predictivo,adjetivo,3.411,0.347,0.412,97,0.228,,0.8032,semantic-set:predi|paronym-of:productivo,false
anónimo,adjetivo,4.170,0.261,0.445,11,0.012,decir-que-no,0.8032,semantic-set:anoni,false
conciliatorio,adjetivo,3.141,0.634,0.677,120,0.943,negociacion,0.8031,regional-only|semantic-set:conci,false
chivo,adjetivo,3.597,0.275,0.556,5,0.042,correos-mensajes,0.8027,semantic-set:chivo|paronym-of:china|paronym-of:activo,false
cerca,adverbio,3.437,0.369,0.482,30,0.279,,0.8027,semantic-set:cerca|paronym-of:carta,false
fronterizo,adjetivo,4.154,0.270,0.670,53,0.027,entrevistas,0.8021,semantic-set:front,false
sanidad,sustantivo,4.324,0.169,0.496,2,0.098,,0.8011,semantic-set:sanid|paronym-of:unidad|paronym-of:calidad,false
atención,sustantivo,5.668,0.114,0.471,34,0.124,,0.8008,semantic-set:atenc|paronym-of:obtención,false
clientelismo,sustantivo,3.457,0.318,0.528,93,0.134,,0.8008,semantic-set:clien,false
apoyo,sustantivo,4.105,0.426,0.591,7,0.405,conversacion-cotidiana,0.8008,semantic-set:apoyo,false
intermediación,sustantivo,3.797,0.279,0.471,2055,0.036,,0.8007,semantic-set:inter,false
valor,sustantivo,5.706,0.075,0.446,107,0.123,,0.8007,semantic-set:valor|paronym-of:malar|paronym-of:favor|paronym-of:balar,false
escalafón,sustantivo,3.786,0.382,0.481,97,0.293,,0.8005,semantic-set:escal,false
ofrecer,verbo,5.817,0.115,0.372,77,0.528,,0.8004,semantic-set:ofrec,false
soldadura,sustantivo,4.002,0.319,0.400,28,0.133,conectores-estructura,0.8003,semantic-set:solda,false
hídrico,adjetivo,4.159,0.289,0.481,6,0.053,,0.7995,semantic-set:hidri|paronym-of:lírico,false
trazabilidad,sustantivo,3.660,0.358,0.380,25,0.225,,0.7995,semantic-set:traza,false
polígrafo,sustantivo,3.051,0.581,0.412,31,0.783,,0.7995,regional-only|semantic-set:polig,false
accidentalidad,sustantivo,3.026,0.668,0.196,40,0.999,,0.7994,regional-only|semantic-set:accid,false
logístico,adjetivo,4.200,0.311,0.418,34,0.105,,0.7992,semantic-set:logis|paronym-of:logística,false
dirección,sustantivo,5.750,0.107,0.432,151,0.303,correos-mensajes,0.7985,semantic-set:direc|paronym-of:detección,false
mantención,sustantivo,3.394,0.597,0.223,171,0.811,,0.7983,regional-only|semantic-set:mante|paronym-of:manutención,false
enfermero,sustantivo,3.471,0.344,0.587,81,0.179,correos-mensajes,0.7983,semantic-set:enfer,false
yale,sustantivo,3.334,0.289,0.493,0,0.702,negociacion,0.7976,semantic-set:yale,false
robo,sustantivo,4.098,0.193,0.714,0,0.462,reuniones,0.7976,semantic-set:robo|paronym-of:reto,false
permitir,verbo,5.822,0.074,0.418,113,0.415,,0.7972,semantic-set:permi|paronym-of:persistir,false
procurador,adjetivo,4.510,0.371,0.518,54,0.233,,0.7966,semantic-set:procu|paronym-of:procesador,false
útil,adjetivo,5.028,0.068,0.464,0,0.140,,0.7964,semantic-set:util,false
síndico,sustantivo,3.340,0.483,0.793,37,0.724,reuniones,0.7963,regional-only|semantic-set:sindi,false
gasolinera,sustantivo,3.832,0.340,0.560,21,0.151,negociacion,0.7962,semantic-set:gasol,false
contractual,adjetivo,4.102,0.306,0.424,795,0.065,negociacion,0.7959,semantic-set:contr,false
sala,sustantivo,4.749,0.125,0.469,0,0.277,presentaciones-oratoria,0.7958,semantic-set:sala|paronym-of:paga|paronym-of:tasa|paronym-of:bala,false
ferroviario,adjetivo,3.844,0.320,0.587,73,0.097,,0.7957,semantic-set:ferro,false
paraestatal,adjetivo,3.039,0.603,0.675,16,0.791,,0.7939,regional-only|semantic-set:parae,false
asegurador,adjetivo,3.698,0.349,0.258,68,0.153,,0.7937,semantic-set:asegu,false
recurrente,adjetivo,4.626,0.452,0.549,74,0.409,,0.7934,regional-only|semantic-set:recur,false
luxemburgo,sustantivo,3.594,0.293,0.534,9,0.009,reuniones,0.7932,semantic-set:luxem,false
metodológico,adjetivo,4.015,0.332,0.311,35,0.105,,0.7929,semantic-set:metod,false
prescripción,sustantivo,4.321,0.350,0.424,60,0.149,,0.7929,semantic-set:presc,false
roscar,verbo,3.516,0.334,0.516,6,0.109,,0.7928,semantic-set:rosca|paronym-of:rotar|paronym-of:rogar,false
ventanilla,sustantivo,4.140,0.296,0.459,166,0.010,negociacion,0.7924,semantic-set:venta,false
comunicativo,adjetivo,3.590,0.310,0.278,323,0.044,,0.7923,semantic-set:comun,false
minero,adjetivo,4.419,0.338,0.459,56,0.114,liderazgo-feedback,0.7923,semantic-set:miner|paronym-of:minera,false
temeridad,sustantivo,3.215,0.582,0.485,21,0.719,,0.7918,regional-only|semantic-set:temer|paronym-of:celeridad,false
asear,verbo,4.266,0.367,0.380,3,0.345,,0.7914,semantic-set:asear|paronym-of:basar|paronym-of:asomar|paronym-of:asesor,false
caja,sustantivo,4.549,0.111,0.421,0,0.201,,0.7909,semantic-set:caja|paronym-of:paga|paronym-of:tasa|paronym-of:bala,false
durazno,sustantivo,3.830,0.652,0.470,6,0.887,,0.7908,regional-only|semantic-set:duraz,false
renglón,sustantivo,3.993,0.333,0.446,0,0.751,redaccion-ejecutiva,0.7901,semantic-set:rengl,false
alto,adjetivo,4.958,0.082,0.488,0,0.116,negociacion,0.7894,semantic-set:alto|paronym-of:feto|paronym-of:reto|paronym-of:saldo,false
cartucho,sustantivo,3.611,0.390,0.540,17,0.220,,0.7894,semantic-set:cartu,false
deslindar,verbo,3.608,0.315,0.610,51,0.031,,0.7893,semantic-set:desli|paronym-of:declinar,false
griego,adjetivo,4.427,0.347,0.508,10,0.103,reuniones,0.7883,semantic-set:grieg|paronym-of:riesgo|paronym-of:pliego,false
uranio,adjetivo,3.394,0.256,0.527,3,0.040,negociacion,0.7881,semantic-set:urani,false
puntero,sustantivo,3.856,0.338,0.486,14,0.070,reuniones,0.7871,semantic-set:punte,false
aeroportuario,adjetivo,3.240,0.367,0.596,54,0.136,,0.7861,semantic-set:aerop,false
marcar,verbo,5.775,0.082,0.512,88,0.203,,0.7857,semantic-set:marca|paronym-of:sacar|paronym-of:malar|paronym-of:marcha,false
minera,sustantivo,4.491,0.326,0.381,56,0.026,conversacion-cotidiana,0.7854,semantic-set:miner|paronym-of:minero,false
salina,sustantivo,3.359,0.317,0.446,26,0.002,,0.7852,semantic-set:salin,false
principal,adjetivo,5.767,0.051,0.519,118,0.099,,0.7851,semantic-set:princ|paronym-of:principio|paronym-of:principiar,false
reconvención,sustantivo,3.327,0.620,0.412,297,0.758,decir-que-no,0.7851,regional-only|semantic-set:recon,false
recusación,sustantivo,3.507,0.355,0.196,13,0.090,decir-que-no,0.7845,semantic-set:recus,false
causal,adjetivo,4.383,0.399,0.435,43,0.195,,0.7835,semantic-set:causa|paronym-of:casual,false
finca,sustantivo,4.354,0.380,0.485,12,0.144,correos-mensajes,0.7834,semantic-set:finca|paronym-of:ficha,false
encriptación,sustantivo,3.300,0.347,0.337,8,0.063,correos-mensajes,0.7834,semantic-set:encri,false
dialéctica,sustantivo,3.660,0.443,0.443,14,0.299,,0.7830,semantic-set:diale,false
turnar,verbo,3.013,0.610,0.600,12,0.711,reuniones,0.7822,regional-only|semantic-set:turna,false
sociocultural,adjetivo,3.884,0.331,0.369,125,0.009,,0.7819,semantic-set:socio,false
estacionamiento,sustantivo,4.636,0.385,0.502,60,0.142,entrevistas,0.7817,semantic-set:estac,false
quinquenio,sustantivo,3.644,0.471,0.485,18,0.353,,0.7809,regional-only|semantic-set:quinq,false
alterno,adjetivo,3.471,0.344,0.405,108,0.032,conflicto-desacuerdo,0.7806,semantic-set:alter|paronym-of:externo|paronym-of:interno,false
fijo,adjetivo,4.131,0.175,0.422,0,0.275,entrevistas,0.7805,semantic-set:fijo|paronym-of:feto|paronym-of:fiel|paronym-of:flujo,false
titán,sustantivo,3.800,0.340,0.625,20,0.019,reuniones,0.7802,semantic-set:titan,false
recurrible,adjetivo,2.970,0.634,0.485,74,0.756,,0.7799,regional-only|semantic-set:recur,false
afirmativa,sustantivo,3.717,0.414,0.465,36,0.200,,0.7797,semantic-set:afirm,false
avaluar,verbo,3.635,0.439,0.268,8,0.262,correos-mensajes,0.7797,semantic-set:avalu|paronym-of:avalar|paronym-of:evaluar|paronym-of:avanzar,false
